# ************************************************************
# Sequel Pro SQL dump
# Version 4541
#
# http://www.sequelpro.com/
# https://github.com/sequelpro/sequelpro
#
# Host: 127.0.0.1 (MySQL 5.7.20)
# Database: shopifytest
# Generation Time: 2020-08-28 08:31:49 +0000
# ************************************************************


/*!40101 SET @OLD_CHARACTER_SET_CLIENT=@@CHARACTER_SET_CLIENT */;
/*!40101 SET @OLD_CHARACTER_SET_RESULTS=@@CHARACTER_SET_RESULTS */;
/*!40101 SET @OLD_COLLATION_CONNECTION=@@COLLATION_CONNECTION */;
/*!40101 SET NAMES utf8 */;
/*!40014 SET @OLD_FOREIGN_KEY_CHECKS=@@FOREIGN_KEY_CHECKS, FOREIGN_KEY_CHECKS=0 */;
/*!40101 SET @OLD_SQL_MODE=@@SQL_MODE, SQL_MODE='NO_AUTO_VALUE_ON_ZERO' */;
/*!40111 SET @OLD_SQL_NOTES=@@SQL_NOTES, SQL_NOTES=0 */;


# Dump of table failed_jobs
# ------------------------------------------------------------

DROP TABLE IF EXISTS `failed_jobs`;

CREATE TABLE `failed_jobs` (
  `id` bigint(20) unsigned NOT NULL AUTO_INCREMENT,
  `connection` text COLLATE utf8mb4_unicode_ci NOT NULL,
  `queue` text COLLATE utf8mb4_unicode_ci NOT NULL,
  `payload` longtext COLLATE utf8mb4_unicode_ci NOT NULL,
  `exception` longtext COLLATE utf8mb4_unicode_ci NOT NULL,
  `failed_at` timestamp NOT NULL DEFAULT CURRENT_TIMESTAMP,
  PRIMARY KEY (`id`)
) ENGINE=InnoDB DEFAULT CHARSET=utf8mb4 COLLATE=utf8mb4_unicode_ci;



# Dump of table migrations
# ------------------------------------------------------------

DROP TABLE IF EXISTS `migrations`;

CREATE TABLE `migrations` (
  `id` int(10) unsigned NOT NULL AUTO_INCREMENT,
  `migration` varchar(255) COLLATE utf8mb4_unicode_ci NOT NULL,
  `batch` int(11) NOT NULL,
  PRIMARY KEY (`id`)
) ENGINE=InnoDB DEFAULT CHARSET=utf8mb4 COLLATE=utf8mb4_unicode_ci;

LOCK TABLES `migrations` WRITE;
/*!40000 ALTER TABLE `migrations` DISABLE KEYS */;

INSERT INTO `migrations` (`id`, `migration`, `batch`)
VALUES
	(1,'2014_10_12_000000_create_users_table',1),
	(2,'2014_10_12_100000_create_password_resets_table',1),
	(3,'2019_08_19_000000_create_failed_jobs_table',1),
	(4,'2020_08_28_073030_create_products_table',1),
	(5,'2020_08_28_073101_create_reviews_table',1);

/*!40000 ALTER TABLE `migrations` ENABLE KEYS */;
UNLOCK TABLES;


# Dump of table password_resets
# ------------------------------------------------------------

DROP TABLE IF EXISTS `password_resets`;

CREATE TABLE `password_resets` (
  `email` varchar(255) COLLATE utf8mb4_unicode_ci NOT NULL,
  `token` varchar(255) COLLATE utf8mb4_unicode_ci NOT NULL,
  `created_at` timestamp NULL DEFAULT NULL,
  KEY `password_resets_email_index` (`email`)
) ENGINE=InnoDB DEFAULT CHARSET=utf8mb4 COLLATE=utf8mb4_unicode_ci;



# Dump of table products
# ------------------------------------------------------------

DROP TABLE IF EXISTS `products`;

CREATE TABLE `products` (
  `id` int(10) unsigned NOT NULL AUTO_INCREMENT,
  `name` varchar(255) COLLATE utf8mb4_unicode_ci NOT NULL,
  `detail` text COLLATE utf8mb4_unicode_ci NOT NULL,
  `price` int(11) NOT NULL,
  `stock` int(11) NOT NULL,
  `discount` int(11) NOT NULL,
  `created_at` timestamp NULL DEFAULT NULL,
  `updated_at` timestamp NULL DEFAULT NULL,
  PRIMARY KEY (`id`)
) ENGINE=InnoDB DEFAULT CHARSET=utf8mb4 COLLATE=utf8mb4_unicode_ci;

LOCK TABLES `products` WRITE;
/*!40000 ALTER TABLE `products` DISABLE KEYS */;

INSERT INTO `products` (`id`, `name`, `detail`, `price`, `stock`, `discount`, `created_at`, `updated_at`)
VALUES
	(1,'debitis','Ut sit numquam rem. In quaerat rerum voluptas iure ex autem repudiandae. Voluptas id expedita temporibus maxime aut laudantium rerum. Velit omnis debitis reiciendis aut odit et.',100,6,11,'2020-08-28 08:27:14','2020-08-28 08:27:14'),
	(2,'facilis','Ut quasi eaque nisi omnis voluptates ipsa tempora sapiente. Nam modi repudiandae veniam repellendus sint perferendis totam. Distinctio dicta omnis dolores suscipit. Asperiores consequuntur mollitia cumque est animi voluptate fugit molestiae.',891,8,27,'2020-08-28 08:27:14','2020-08-28 08:27:14'),
	(3,'quae','Qui aperiam non deserunt expedita autem consectetur et. Repellendus fugiat asperiores qui voluptas est. Velit quidem quaerat et. Et facilis ad ut vero eveniet eligendi.',999,9,10,'2020-08-28 08:27:14','2020-08-28 08:27:14'),
	(4,'explicabo','Deserunt excepturi eum earum. Neque eum aut libero molestias distinctio eaque eum. Qui sunt accusamus accusamus perferendis.',848,0,13,'2020-08-28 08:27:14','2020-08-28 08:27:14'),
	(5,'nesciunt','Est voluptatibus rem velit aliquid eligendi velit aspernatur. Ratione natus autem et quas a voluptas accusantium veniam. Asperiores qui ut quia voluptate. Minima et nihil quo.',576,9,29,'2020-08-28 08:27:14','2020-08-28 08:27:14'),
	(6,'natus','Facere laborum et quod nihil nihil ratione quia velit. Est nesciunt et non temporibus accusantium. Facere reiciendis temporibus laudantium neque. Ut eligendi autem eveniet id ut in molestiae.',446,2,8,'2020-08-28 08:27:14','2020-08-28 08:27:14'),
	(7,'amet','Nisi et quisquam ut autem dolorum voluptatem. Neque ut adipisci vel velit impedit assumenda repudiandae. Et nihil non libero suscipit. Velit sint corporis autem modi eaque error perferendis.',619,3,22,'2020-08-28 08:27:14','2020-08-28 08:27:14'),
	(8,'quia','Aut doloribus non ratione laborum et consequuntur. Rerum dolorum a incidunt beatae. Sed nobis sunt a inventore.',626,1,16,'2020-08-28 08:27:14','2020-08-28 08:27:14'),
	(9,'eum','Et non iste distinctio libero aut. Eum enim accusamus sunt vitae eveniet ex.',836,7,5,'2020-08-28 08:27:14','2020-08-28 08:27:14'),
	(10,'ipsa','Sed et cumque omnis rerum laudantium ipsam rerum. Laudantium esse qui earum ut.',381,3,12,'2020-08-28 08:27:14','2020-08-28 08:27:14'),
	(11,'in','Delectus deserunt accusamus quam necessitatibus et ut. Consequuntur vero laboriosam explicabo perferendis quia voluptatem. Provident temporibus nihil repellendus rerum.',133,0,15,'2020-08-28 08:27:14','2020-08-28 08:27:14'),
	(12,'rem','Vero aspernatur eum iure eos. Accusamus voluptas mollitia et sint. Et et mollitia illum non. In totam vitae architecto voluptatem.',769,0,26,'2020-08-28 08:27:14','2020-08-28 08:27:14'),
	(13,'voluptatibus','Atque quia esse aut tenetur delectus. Est non qui vero. Possimus deleniti vel qui blanditiis labore veniam. Commodi suscipit voluptas ut reiciendis modi. Incidunt blanditiis nam aliquam totam dolorum dolores inventore.',354,4,13,'2020-08-28 08:27:14','2020-08-28 08:27:14'),
	(14,'aspernatur','Nobis adipisci assumenda vero accusantium aut cupiditate enim. Rem id fugiat maxime unde. Perspiciatis voluptatem esse debitis est magni.',624,4,22,'2020-08-28 08:27:14','2020-08-28 08:27:14'),
	(15,'sint','Ipsum nostrum omnis et quis ea recusandae. Vitae odit dolores placeat vero. Neque maxime non et.',773,2,29,'2020-08-28 08:27:14','2020-08-28 08:27:14'),
	(16,'in','In alias reprehenderit eum architecto omnis sed. Quia accusantium cum quasi nesciunt porro. Vel ipsa sed qui voluptatum consectetur magni. Expedita et deleniti enim molestias.',270,1,28,'2020-08-28 08:27:14','2020-08-28 08:27:14'),
	(17,'sit','Facere cupiditate molestias voluptatem nam numquam. Dicta est id possimus sunt. Quod mollitia id dolorem rerum optio eos tempora. Cumque ut excepturi at amet molestias.',602,4,25,'2020-08-28 08:27:14','2020-08-28 08:27:14'),
	(18,'cum','Quos exercitationem esse ex sed nostrum corporis. Commodi voluptatem labore optio similique vitae sed. Necessitatibus ut quia quia.',758,1,2,'2020-08-28 08:27:14','2020-08-28 08:27:14'),
	(19,'omnis','Nihil et mollitia alias natus sint repellendus vero. Molestias minus placeat porro sit dolorem qui sed.',462,4,24,'2020-08-28 08:27:14','2020-08-28 08:27:14'),
	(20,'occaecati','Enim quo ipsam praesentium et. Dolorum vitae qui veniam. In nihil vel qui nemo tenetur consectetur quia fugit. Cumque omnis est quia sint.',895,1,6,'2020-08-28 08:27:14','2020-08-28 08:27:14'),
	(21,'soluta','Voluptatem voluptatem quia et nobis ut itaque in. Dolorem voluptas accusantium ad aut velit. Officia cumque sunt rem hic.',435,1,30,'2020-08-28 08:27:14','2020-08-28 08:27:14'),
	(22,'est','Eveniet eligendi eum et nesciunt tempore exercitationem ipsa. At illum quod atque rerum.',807,3,8,'2020-08-28 08:27:14','2020-08-28 08:27:14'),
	(23,'vel','Molestias sed modi laboriosam excepturi aut. Ea nihil et nesciunt est laborum.',756,9,30,'2020-08-28 08:27:14','2020-08-28 08:27:14'),
	(24,'corrupti','Cum sapiente laboriosam unde soluta rerum. Omnis quia asperiores voluptates voluptatibus. Dolorem aut rem reiciendis eveniet illo.',813,6,13,'2020-08-28 08:27:14','2020-08-28 08:27:14'),
	(25,'expedita','Sed est voluptatem fugiat nihil dicta magni fugiat. Nam harum a nam veniam. Tempora qui assumenda voluptatem. Veritatis blanditiis et iure esse ut quia. Beatae voluptatum rem distinctio tenetur magni rerum unde.',793,3,10,'2020-08-28 08:27:14','2020-08-28 08:27:14'),
	(26,'repellat','Iure eum unde magnam rem facilis at ab. At et facere temporibus blanditiis illo. Voluptatem quam aliquam magni molestias.',988,9,11,'2020-08-28 08:27:14','2020-08-28 08:27:14'),
	(27,'id','Voluptatem quia qui est culpa. Nobis rerum fugiat commodi ut ipsum molestias sint. Saepe sed similique qui molestias fugit nesciunt. Rerum ut voluptas non deserunt quidem qui dolorum aliquid.',646,1,15,'2020-08-28 08:27:14','2020-08-28 08:27:14'),
	(28,'labore','Omnis corporis est non eius temporibus molestiae reprehenderit. Laborum harum et omnis et ducimus perspiciatis cum. Voluptatem sint sit quod totam minima deleniti perferendis.',649,3,15,'2020-08-28 08:27:14','2020-08-28 08:27:14'),
	(29,'omnis','Quia consectetur doloribus recusandae. Aut ad ea quod dignissimos amet. Impedit blanditiis aut quia ipsam ipsa. Quo illum est aspernatur dolores quia.',500,0,12,'2020-08-28 08:27:14','2020-08-28 08:27:14'),
	(30,'ut','Accusamus non voluptatem laboriosam. Provident sed ipsa autem consequatur magni. Accusantium nihil et repellat tempora aut.',404,1,8,'2020-08-28 08:27:14','2020-08-28 08:27:14'),
	(31,'fugit','Vel veritatis nihil temporibus earum nemo blanditiis soluta. Natus veritatis cum optio magnam iure aliquam. Et aspernatur eum animi omnis dolor sit. Possimus animi accusamus aut quia.',278,8,3,'2020-08-28 08:27:14','2020-08-28 08:27:14'),
	(32,'in','Ut adipisci rem modi accusantium magnam. Rerum soluta qui sequi. Ea corrupti corporis dolor nisi id. Error assumenda laudantium et est magni.',203,3,8,'2020-08-28 08:27:14','2020-08-28 08:27:14'),
	(33,'omnis','Deserunt sunt dolorem debitis sed et ut cupiditate. Ea totam a odit qui voluptatem ea maxime. Eius quisquam sint tempora blanditiis magnam.',814,7,6,'2020-08-28 08:27:14','2020-08-28 08:27:14'),
	(34,'quia','Sapiente modi voluptas in commodi voluptatem quam. Laborum impedit quia recusandae qui. Ut ex sunt qui qui. Nisi quia ut in suscipit velit.',661,3,3,'2020-08-28 08:27:14','2020-08-28 08:27:14'),
	(35,'et','Enim quia ratione qui veniam commodi dolores nobis laboriosam. Deleniti nemo error consequatur quis aut asperiores et. Et rerum magni officiis corrupti exercitationem. Fugit possimus sint eius sunt eius.',457,8,28,'2020-08-28 08:27:14','2020-08-28 08:27:14'),
	(36,'autem','Velit quasi quidem quae. Tempora qui ab in et aliquid et quaerat. Vitae odio perspiciatis unde qui a qui qui ut.',512,9,18,'2020-08-28 08:27:14','2020-08-28 08:27:14'),
	(37,'sapiente','Quia officia iste cupiditate nam aut. Dolor omnis perspiciatis autem. Rerum dolorem est in aspernatur et eveniet consequatur qui.',944,4,16,'2020-08-28 08:27:14','2020-08-28 08:27:14'),
	(38,'voluptatem','Aut dignissimos sed et aut qui at. Temporibus repudiandae tempore vitae voluptatem.',566,9,27,'2020-08-28 08:27:14','2020-08-28 08:27:14'),
	(39,'cupiditate','Vitae numquam minima sit et repellendus natus. Veniam officiis vero voluptatem. Sit voluptates quo nihil.',813,2,30,'2020-08-28 08:27:14','2020-08-28 08:27:14'),
	(40,'labore','Voluptates soluta et at nemo deserunt cupiditate esse. Quae ad voluptatum exercitationem est. Maxime omnis dolores soluta. Odit est aut maxime ut enim officia amet.',988,5,30,'2020-08-28 08:27:14','2020-08-28 08:27:14'),
	(41,'iste','Ducimus sunt repudiandae beatae sint quos suscipit. Dolores tenetur quibusdam est magnam minus qui nulla est. Qui beatae at quas unde quis.',906,6,17,'2020-08-28 08:27:14','2020-08-28 08:27:14'),
	(42,'voluptatem','Sit est similique accusamus assumenda. Voluptas debitis sunt provident deleniti qui expedita similique.',385,1,19,'2020-08-28 08:27:14','2020-08-28 08:27:14'),
	(43,'nihil','Fugiat facilis maiores possimus aliquid. In consectetur laudantium assumenda corrupti reprehenderit. Voluptatem quia numquam natus exercitationem.',550,7,8,'2020-08-28 08:27:14','2020-08-28 08:27:14'),
	(44,'et','Est numquam ipsa iure adipisci facilis. Voluptas ut est dolorem ducimus et dolor voluptas. Enim placeat corporis ad omnis.',906,1,6,'2020-08-28 08:27:14','2020-08-28 08:27:14'),
	(45,'id','Accusantium qui iusto omnis perspiciatis. Consequatur eaque quis aliquam dolorem accusamus unde sint. Sunt consequatur laboriosam sequi molestias et ut. Dolorem debitis eos libero dolores quas quis.',605,6,24,'2020-08-28 08:27:14','2020-08-28 08:27:14'),
	(46,'amet','Voluptates velit illum fugiat dolores ut sit. Placeat minima est quia. Hic quis doloribus officia eum fugiat praesentium. In voluptas sint molestias.',454,0,7,'2020-08-28 08:27:14','2020-08-28 08:27:14'),
	(47,'vel','Deserunt cumque inventore culpa eos. Modi rerum velit ducimus minus nihil sit fuga tempore. Hic molestias et labore. Voluptates eaque vitae asperiores aliquid consectetur nemo. Molestiae fuga expedita doloribus ducimus commodi cumque corrupti.',144,1,12,'2020-08-28 08:27:14','2020-08-28 08:27:14'),
	(48,'est','Repellendus maxime inventore sit nostrum pariatur vel voluptas non. Iure doloribus voluptatem ea placeat. Dolores asperiores ullam ex asperiores.',865,5,14,'2020-08-28 08:27:14','2020-08-28 08:27:14'),
	(49,'quidem','Harum error tempore ut sed. Sed minus laboriosam voluptatem quia. Ex eos qui autem sit officiis ipsa. Praesentium aut aut nesciunt sunt voluptate soluta iusto.',775,3,24,'2020-08-28 08:27:14','2020-08-28 08:27:14'),
	(50,'harum','Accusamus commodi libero aperiam molestiae vel explicabo. Illo qui rerum eaque porro numquam placeat aut. Neque omnis et voluptatem cum. Non voluptas laborum explicabo aut pariatur deserunt.',817,0,15,'2020-08-28 08:27:14','2020-08-28 08:27:14'),
	(51,'laudantium','Suscipit voluptate debitis nihil officia quam qui rerum. Consectetur esse minus distinctio et. Eos mollitia quia nostrum non quo dicta et sapiente. Aliquid officia qui voluptatem facere nihil.',535,1,18,'2020-08-28 08:29:06','2020-08-28 08:29:06'),
	(52,'ut','Est fugit quisquam nihil placeat in. Cupiditate explicabo quibusdam est dolor sunt doloremque. Non vero ullam commodi voluptate voluptatem doloribus. Qui odio beatae at cum qui voluptatem.',381,8,5,'2020-08-28 08:29:06','2020-08-28 08:29:06'),
	(53,'fugit','Omnis non ex dolorum nostrum asperiores cum. Cum est veritatis dolor vel porro eveniet aspernatur. Doloribus consequatur aperiam enim.',709,0,13,'2020-08-28 08:29:06','2020-08-28 08:29:06'),
	(54,'non','Modi earum a amet sunt reiciendis autem sequi. Totam odio dolore consequuntur quia.',560,2,16,'2020-08-28 08:29:06','2020-08-28 08:29:06'),
	(55,'ex','Praesentium facilis non animi qui repellendus mollitia qui. Incidunt earum officia et est. Suscipit labore odit qui ut nesciunt rerum.',630,4,30,'2020-08-28 08:29:06','2020-08-28 08:29:06'),
	(56,'qui','Quam quasi pariatur sequi. Illo quidem suscipit nobis. Ad quia minus ut voluptatem in. Consectetur saepe maxime provident doloremque sit perspiciatis et. Sunt id beatae cumque eligendi eos autem.',421,8,11,'2020-08-28 08:29:06','2020-08-28 08:29:06'),
	(57,'rerum','Illo laudantium velit voluptatem odit quo doloremque dolores. Quo dolores odit non commodi a. Id quo enim consequatur. Velit numquam aut maiores sunt cum asperiores qui.',441,1,26,'2020-08-28 08:29:06','2020-08-28 08:29:06'),
	(58,'doloremque','Magnam temporibus aspernatur eos. Et quia ratione voluptatem cumque suscipit voluptatibus. Placeat est est sed laudantium maxime aut.',246,0,8,'2020-08-28 08:29:06','2020-08-28 08:29:06'),
	(59,'quis','Nihil repudiandae hic et a id consequatur maiores. Earum ex impedit rerum alias quos ut. Assumenda qui molestiae id officia. Voluptate eveniet maiores aut inventore repudiandae beatae qui velit.',631,0,7,'2020-08-28 08:29:06','2020-08-28 08:29:06'),
	(60,'non','Tenetur voluptates animi a cumque dolores explicabo. Mollitia id nihil iste quia libero quis. Natus ut placeat molestiae voluptas voluptas. Necessitatibus corporis tempora nisi sequi voluptatum culpa sed.',314,7,19,'2020-08-28 08:29:06','2020-08-28 08:29:06'),
	(61,'unde','Autem ut ea sint quas quia sed. Maxime omnis facilis eos atque aliquid. Aliquid expedita est eum. Repellendus ut minus iste itaque quia quia.',636,2,14,'2020-08-28 08:29:06','2020-08-28 08:29:06'),
	(62,'voluptatem','Voluptas est expedita nobis sint qui. Veniam odio dolore facilis. Eum rerum ut quis et esse possimus. Enim possimus odit cumque distinctio nesciunt sunt.',228,6,4,'2020-08-28 08:29:06','2020-08-28 08:29:06'),
	(63,'modi','Delectus fuga et corporis harum. Nihil temporibus ea debitis autem. Tenetur aliquam consequatur praesentium consequatur hic dolorem. Qui nemo vitae omnis quia.',388,1,27,'2020-08-28 08:29:06','2020-08-28 08:29:06'),
	(64,'cum','Laboriosam ut quaerat molestiae et labore aut. Animi cumque eveniet laudantium sed. Cupiditate ut eum voluptatem voluptas et aut et.',172,1,5,'2020-08-28 08:29:06','2020-08-28 08:29:06'),
	(65,'iusto','Odit pariatur corrupti aut aspernatur. Nihil alias veritatis sequi voluptas aperiam nihil nam. Quia deserunt mollitia et nulla autem ducimus. Laboriosam sapiente iusto quis fugiat sunt.',220,4,12,'2020-08-28 08:29:06','2020-08-28 08:29:06'),
	(66,'numquam','Omnis quod repellendus ipsa et eos. Magnam saepe assumenda ut in. Eos odit consequuntur mollitia quas ipsa quis.',634,0,25,'2020-08-28 08:29:06','2020-08-28 08:29:06'),
	(67,'beatae','Quia possimus nihil quibusdam facere voluptate cum est. Dolorem corporis eos eos voluptas exercitationem quaerat. Eligendi ipsam esse et deserunt unde nihil. Recusandae perspiciatis sit eligendi.',378,8,5,'2020-08-28 08:29:06','2020-08-28 08:29:06'),
	(68,'et','Nemo dolorem dolores porro repellat. Voluptatem et corporis ut totam aut. Vero et dolor laborum magnam natus. Quis iste illum laborum dicta quisquam ut qui.',787,9,28,'2020-08-28 08:29:06','2020-08-28 08:29:06'),
	(69,'dolore','Quo earum consectetur qui et occaecati accusamus aliquid. Dolorem atque iure error consectetur voluptatem et commodi. Ratione vero hic esse necessitatibus autem. Fugit consequatur eos magnam deserunt rerum tempore.',767,6,30,'2020-08-28 08:29:06','2020-08-28 08:29:06'),
	(70,'quia','Fugit voluptatibus sed ex aliquid fuga explicabo. A omnis assumenda rerum dolor non. Pariatur est excepturi perferendis sit enim cum quia. Nihil adipisci aspernatur praesentium dolorum nostrum dolor laboriosam.',144,5,7,'2020-08-28 08:29:06','2020-08-28 08:29:06'),
	(71,'non','Vel consectetur earum facere est. Maxime cum iste dolor at aut totam molestiae ut. Voluptatem saepe dolor et suscipit.',204,1,20,'2020-08-28 08:29:06','2020-08-28 08:29:06'),
	(72,'vel','Iure officiis est fuga. Aut consectetur alias corrupti dolores. Eveniet totam quo voluptas laboriosam.',361,5,17,'2020-08-28 08:29:06','2020-08-28 08:29:06'),
	(73,'velit','Non non magni molestiae voluptas et. Veniam ullam nostrum odit qui cum aperiam. Nam porro nemo ut cum.',781,6,15,'2020-08-28 08:29:06','2020-08-28 08:29:06'),
	(74,'atque','Repellat recusandae quam rem voluptates ea repellendus. Voluptas quae aut quaerat doloremque. Nemo sunt et alias iusto voluptate architecto molestiae. Cumque et eos eum esse asperiores quibusdam nostrum quaerat.',907,0,17,'2020-08-28 08:29:06','2020-08-28 08:29:06'),
	(75,'earum','Vero rerum excepturi unde omnis non. Eaque eum voluptates expedita nulla dolorum perferendis. Quo ut omnis perferendis sed voluptas hic et.',463,6,3,'2020-08-28 08:29:06','2020-08-28 08:29:06'),
	(76,'dolorem','Aliquid illo ea sapiente reprehenderit. Ad ut aliquid fugit. Ipsa id alias eum exercitationem quasi. In est aut quo autem.',378,2,9,'2020-08-28 08:29:06','2020-08-28 08:29:06'),
	(77,'dicta','Doloribus quam perspiciatis odit tempore. Quam qui unde voluptate facilis fugiat. Nam alias error et accusamus omnis tenetur. Suscipit voluptates sit rerum sint.',689,9,11,'2020-08-28 08:29:06','2020-08-28 08:29:06'),
	(78,'vel','Qui sequi nulla consequuntur ipsa. Sapiente est quia eligendi. Sit illum et dolor eos enim.',251,3,16,'2020-08-28 08:29:06','2020-08-28 08:29:06'),
	(79,'repellat','Eligendi ut ex aut blanditiis dolorem provident. Quis nobis et eveniet ut. Soluta nulla asperiores ad aut.',708,2,13,'2020-08-28 08:29:06','2020-08-28 08:29:06'),
	(80,'aspernatur','Id aut consectetur ab officiis accusamus. Maiores excepturi cumque accusamus porro labore voluptatem. Voluptatem assumenda pariatur tempora vel est assumenda. Deleniti dolores explicabo odio mollitia cupiditate. Laudantium fuga necessitatibus vero occaecati sint.',941,2,21,'2020-08-28 08:29:06','2020-08-28 08:29:06'),
	(81,'et','Facilis iste possimus explicabo aut magni. Ipsam est sapiente quia eum ea quidem. Reiciendis nisi reprehenderit qui similique deleniti. Et mollitia sunt voluptatum sed sequi ut explicabo dolor.',535,1,17,'2020-08-28 08:29:06','2020-08-28 08:29:06'),
	(82,'velit','Deleniti et dignissimos exercitationem. Minus sunt dignissimos ut dolorum inventore molestiae dolor aut. Facere voluptas nesciunt consectetur ea dolorum. Dolore fugit a perspiciatis totam repellat nostrum.',220,5,10,'2020-08-28 08:29:06','2020-08-28 08:29:06'),
	(83,'molestiae','Nihil accusamus ut labore incidunt aut. Cupiditate minus est odio sint.',112,0,21,'2020-08-28 08:29:06','2020-08-28 08:29:06'),
	(84,'cum','Sint mollitia quia odio sed. Iure odio iusto dignissimos minima perspiciatis. Autem nesciunt placeat natus repellendus fugit amet quis. Ratione dolorem magnam tenetur qui non consequatur voluptatem.',862,4,11,'2020-08-28 08:29:06','2020-08-28 08:29:06'),
	(85,'labore','Necessitatibus dolore esse quibusdam fugiat amet non. Esse ipsa velit est sunt sint ut. Sunt non autem id aperiam excepturi repellendus qui aperiam.',996,4,27,'2020-08-28 08:29:06','2020-08-28 08:29:06'),
	(86,'sequi','Iusto voluptatem molestiae dolores aspernatur ipsum voluptatem. Ut laboriosam odit cupiditate commodi eum quasi. Reiciendis qui quisquam optio. Soluta quasi numquam voluptatem consequatur quibusdam voluptas.',560,0,5,'2020-08-28 08:29:06','2020-08-28 08:29:06'),
	(87,'suscipit','Aut illum voluptatum autem placeat eum saepe delectus magni. Necessitatibus ut veniam provident magnam officiis. Beatae voluptatem quia aut corporis qui dolores. Ullam voluptas nihil dolores consequatur delectus aut.',655,9,10,'2020-08-28 08:29:06','2020-08-28 08:29:06'),
	(88,'enim','Odio quasi omnis sit nobis iste labore ut nulla. Quod quisquam architecto nostrum voluptatem veritatis aut esse consequuntur. Sunt aspernatur sit non debitis laborum aut quas. Iure voluptatem reiciendis ullam doloremque earum est.',161,7,18,'2020-08-28 08:29:06','2020-08-28 08:29:06'),
	(89,'occaecati','Quae error dolorem quia ducimus cupiditate. Iste minima sit iste repellendus consequuntur autem est. Ut quas vel inventore.',199,4,16,'2020-08-28 08:29:06','2020-08-28 08:29:06'),
	(90,'exercitationem','Omnis consectetur animi dolor dolor possimus voluptas. Et sed maxime voluptates enim. Velit iure veniam commodi incidunt. Dolores veniam non sit.',833,1,16,'2020-08-28 08:29:06','2020-08-28 08:29:06'),
	(91,'ipsum','Ipsum veniam explicabo beatae ducimus quam exercitationem vel. Laboriosam sapiente laboriosam praesentium harum. Et asperiores et temporibus fuga. Eius deserunt et voluptates beatae.',207,5,27,'2020-08-28 08:29:06','2020-08-28 08:29:06'),
	(92,'incidunt','Libero ullam reprehenderit alias. Autem dolorem quisquam reiciendis nesciunt neque rerum necessitatibus non. Quo architecto et maxime cumque consequatur.',563,1,11,'2020-08-28 08:29:06','2020-08-28 08:29:06'),
	(93,'voluptatem','Est rerum id ipsam itaque esse quod velit ad. Facilis animi ut rerum. Qui vero fuga ipsa corporis et amet esse. Ex sit officia molestiae ea necessitatibus quo et.',391,5,6,'2020-08-28 08:29:06','2020-08-28 08:29:06'),
	(94,'et','Ab nihil sit sit accusamus ut minima cupiditate. Ullam odio ut et aspernatur quibusdam. Rerum officia exercitationem voluptatum dolore iste sequi. Molestiae dolores ratione alias iste labore enim. Exercitationem enim tempore sint possimus sed.',928,4,2,'2020-08-28 08:29:06','2020-08-28 08:29:06'),
	(95,'id','Omnis aliquam et odio. Qui aut sint delectus perferendis optio ipsum. Non vel molestiae accusantium perspiciatis.',549,5,10,'2020-08-28 08:29:06','2020-08-28 08:29:06'),
	(96,'eum','Quia eligendi quidem accusamus modi natus laudantium eos dignissimos. Debitis rem labore nostrum porro repellendus molestiae. Dolorem autem vel vitae. Vero aut voluptatem omnis explicabo.',863,9,29,'2020-08-28 08:29:06','2020-08-28 08:29:06'),
	(97,'facere','Aperiam laborum a aspernatur necessitatibus possimus voluptatem. Aliquam voluptatum molestiae labore deleniti ex porro. Sapiente consequuntur nesciunt consequatur sit qui sed mollitia. Voluptatem non rerum eos eum.',243,5,3,'2020-08-28 08:29:06','2020-08-28 08:29:06'),
	(98,'totam','Maxime omnis ipsa est et sunt. Facilis sit earum praesentium voluptatem sed voluptatum molestiae. Et in quisquam quis aliquid quae. Blanditiis nostrum mollitia quis at consequatur nemo velit.',829,4,8,'2020-08-28 08:29:06','2020-08-28 08:29:06'),
	(99,'distinctio','Esse deserunt deserunt est rem. Alias veniam ab reprehenderit dolorum possimus. Quia modi nam mollitia deleniti.',715,3,29,'2020-08-28 08:29:06','2020-08-28 08:29:06'),
	(100,'praesentium','Nemo quos molestiae ut tenetur occaecati est. Iusto placeat earum dolor facere ut delectus. Nam animi magnam doloribus libero et rerum qui saepe.',828,6,4,'2020-08-28 08:29:06','2020-08-28 08:29:06'),
	(101,'et','Voluptas quae sit culpa voluptas. Ad explicabo repellendus et facilis impedit sint. Rem porro non ex. In et ut nemo itaque suscipit sit.',329,9,26,'2020-08-28 08:30:20','2020-08-28 08:30:20'),
	(102,'eaque','Autem quo excepturi magnam dolores delectus. Consequatur et quidem deserunt soluta distinctio et blanditiis. Consectetur temporibus vitae iusto.',494,6,24,'2020-08-28 08:30:20','2020-08-28 08:30:20'),
	(103,'ut','Quia et quibusdam eveniet aut enim ea quo. Eaque officia distinctio est expedita nobis iste. Blanditiis sapiente est laboriosam velit odit repellat vero.',826,7,20,'2020-08-28 08:30:20','2020-08-28 08:30:20'),
	(104,'iure','Nesciunt recusandae ut quos. Non qui provident quae cumque laborum. Voluptatem aliquam quaerat aut.',991,9,16,'2020-08-28 08:30:20','2020-08-28 08:30:20'),
	(105,'laudantium','Iste provident exercitationem numquam sed. Quae repellendus autem et corporis. Natus ut nesciunt sit ipsum quas reprehenderit. Voluptatum nihil voluptatem deserunt et est.',381,3,22,'2020-08-28 08:30:20','2020-08-28 08:30:20'),
	(106,'tempora','Possimus sit architecto architecto harum ut nisi ea unde. Qui ab quia rem consequuntur. Dolor eos esse rerum est et harum id.',235,6,23,'2020-08-28 08:30:20','2020-08-28 08:30:20'),
	(107,'ducimus','Impedit expedita nesciunt dolores enim non est. Qui et laudantium commodi dolor aperiam sed. Commodi dignissimos exercitationem omnis ut repellendus sunt. Soluta consequuntur autem quaerat saepe molestiae in recusandae.',553,3,10,'2020-08-28 08:30:20','2020-08-28 08:30:20'),
	(108,'praesentium','Et quo doloribus aliquam praesentium deserunt. Dolore ipsam suscipit adipisci totam et quo eius. Dignissimos perspiciatis quia vel quia eveniet similique rerum debitis.',125,9,14,'2020-08-28 08:30:20','2020-08-28 08:30:20'),
	(109,'et','Non explicabo minima qui eius. Commodi voluptatem reiciendis quo et consectetur iure.',185,2,24,'2020-08-28 08:30:20','2020-08-28 08:30:20'),
	(110,'totam','Necessitatibus consequatur hic ducimus quo qui illum. Accusantium voluptatem consectetur deserunt facilis aut nulla est. Optio ea nihil et ipsa rerum placeat perspiciatis. Quia quas maiores atque iste totam sit est. Error atque et error quisquam quia.',800,4,25,'2020-08-28 08:30:20','2020-08-28 08:30:20'),
	(111,'corrupti','Voluptatibus praesentium impedit similique odit tenetur. Ut ducimus quisquam cumque excepturi.',900,1,20,'2020-08-28 08:30:20','2020-08-28 08:30:20'),
	(112,'accusamus','Molestiae sed asperiores qui aut rerum enim. Aut harum eos sapiente natus ea. Occaecati perspiciatis numquam minus architecto corrupti accusantium ut inventore.',866,1,12,'2020-08-28 08:30:20','2020-08-28 08:30:20'),
	(113,'esse','Incidunt itaque ea saepe. Aspernatur quae blanditiis dicta similique. Enim quo voluptatem nihil eius nobis. Error est accusamus sequi iusto.',724,4,25,'2020-08-28 08:30:20','2020-08-28 08:30:20'),
	(114,'non','Hic rerum doloremque eos aut. Nam aliquam quaerat non commodi. Voluptate esse iure ut nisi rerum.',383,2,17,'2020-08-28 08:30:20','2020-08-28 08:30:20'),
	(115,'est','Expedita sit sed labore esse. Natus neque itaque blanditiis id sapiente perferendis. Nemo qui consequuntur unde et. Aliquam eveniet est quidem distinctio.',229,5,10,'2020-08-28 08:30:20','2020-08-28 08:30:20'),
	(116,'expedita','Accusamus architecto deleniti corporis sint blanditiis illo qui. Voluptate quia asperiores nesciunt eveniet. Aperiam voluptas qui dolor ipsa. Adipisci aut molestiae quia voluptas est.',868,7,2,'2020-08-28 08:30:20','2020-08-28 08:30:20'),
	(117,'accusantium','Ea consequatur minima dolores facere architecto iste modi alias. Nulla ratione quo dolorem consectetur possimus asperiores. Blanditiis minus deleniti enim ut corporis est earum quod.',299,3,17,'2020-08-28 08:30:20','2020-08-28 08:30:20'),
	(118,'vitae','Alias sequi delectus eum. Quo qui quaerat et ut expedita qui et dicta. Natus ab cum et exercitationem. Ut repudiandae at est rem in alias quisquam.',940,8,16,'2020-08-28 08:30:20','2020-08-28 08:30:20'),
	(119,'nihil','Omnis nam magni est quia aut. Porro cumque est dolor explicabo excepturi vitae dolores dolorem. Aliquid qui saepe voluptas est soluta.',797,2,2,'2020-08-28 08:30:20','2020-08-28 08:30:20'),
	(120,'asperiores','Itaque placeat tenetur autem ex molestiae consequatur. Praesentium voluptates laboriosam eius facere incidunt odit. Consequuntur recusandae veritatis rerum quia ut qui.',431,4,11,'2020-08-28 08:30:20','2020-08-28 08:30:20'),
	(121,'recusandae','Consequatur iste rerum omnis labore est itaque. Odit expedita ipsam odit. Earum id consequuntur consequatur repellat fugiat doloribus rerum. Voluptatem numquam minus ratione qui assumenda aspernatur quia.',101,7,18,'2020-08-28 08:30:20','2020-08-28 08:30:20'),
	(122,'rem','Qui ut veritatis veniam qui. Sit qui porro natus qui. Dignissimos ut odio totam et sapiente at. Nesciunt consequatur voluptas nihil aliquid soluta repellendus. Est quo excepturi qui quasi dignissimos modi.',200,6,21,'2020-08-28 08:30:20','2020-08-28 08:30:20'),
	(123,'facilis','Qui ut vitae nobis quia quae quibusdam fugiat. Perspiciatis dolore maxime voluptatum quis velit et temporibus sed. Autem sed eligendi similique id sint.',754,7,25,'2020-08-28 08:30:20','2020-08-28 08:30:20'),
	(124,'dignissimos','Consequatur ratione dolores sit amet est aut. Totam a et accusantium deleniti ratione blanditiis. Dolor enim adipisci suscipit. Veniam sunt repudiandae minima dignissimos.',327,0,14,'2020-08-28 08:30:20','2020-08-28 08:30:20'),
	(125,'deserunt','Nemo delectus aut voluptas. Voluptatibus quibusdam aut aperiam aperiam nobis. Est deleniti ut dolorem provident illum repellendus nobis sunt. Et et dolores ad vero. Ea eum recusandae mollitia est provident ipsa molestiae ab.',973,9,14,'2020-08-28 08:30:20','2020-08-28 08:30:20'),
	(126,'ipsam','Itaque sit tenetur velit doloremque saepe ex est. Nam eos ipsa ipsa sapiente. Repellat illum dicta ipsa. Dolorem neque neque dolor sequi sed praesentium.',562,1,26,'2020-08-28 08:30:20','2020-08-28 08:30:20'),
	(127,'porro','Qui similique molestias magnam cupiditate qui. Assumenda rerum animi cumque voluptates illum. Totam corporis molestiae porro maxime.',600,9,3,'2020-08-28 08:30:20','2020-08-28 08:30:20'),
	(128,'magnam','Quaerat ratione qui error sed. Ut quisquam minus ex doloribus ut. Perspiciatis voluptates ut velit non minima sed deserunt. Accusamus animi et sed quia quod.',852,6,7,'2020-08-28 08:30:20','2020-08-28 08:30:20'),
	(129,'dolorem','Ex et dignissimos asperiores accusamus recusandae delectus. Vitae sunt explicabo aliquam ullam explicabo. Et voluptatem accusantium assumenda ea eum molestiae et voluptas. Est ratione accusamus sit et aut.',337,8,25,'2020-08-28 08:30:20','2020-08-28 08:30:20'),
	(130,'ea','Quaerat aspernatur non placeat quis repellat. Dolor dolores soluta eos similique alias. Et necessitatibus minima tempora cupiditate praesentium iusto et.',293,2,24,'2020-08-28 08:30:20','2020-08-28 08:30:20'),
	(131,'dolores','Corporis est saepe voluptas sit voluptates rerum. Suscipit minima quae delectus est. Cumque sed magnam harum temporibus.',401,7,11,'2020-08-28 08:30:20','2020-08-28 08:30:20'),
	(132,'quaerat','Possimus omnis molestias vel perferendis quo ut optio. Accusamus a qui consequatur cum autem. Velit magnam porro est. Placeat alias recusandae autem veritatis.',335,6,14,'2020-08-28 08:30:20','2020-08-28 08:30:20'),
	(133,'eligendi','Doloremque ducimus aut dolorem quam. Porro rem eius qui ut cumque quia. Sint sapiente laborum voluptatem fugiat. Hic ut aperiam autem molestiae.',529,8,2,'2020-08-28 08:30:20','2020-08-28 08:30:20'),
	(134,'voluptatem','Libero voluptatibus minima explicabo occaecati ut omnis quaerat. Ut dicta est excepturi molestias. Perferendis voluptate perferendis sed sint aperiam. Et aut numquam perferendis.',400,5,30,'2020-08-28 08:30:20','2020-08-28 08:30:20'),
	(135,'accusamus','Debitis consequuntur corrupti sunt nemo. Ut itaque explicabo autem rerum quo deleniti harum eos. Nemo vel alias aperiam earum doloribus ut et. Nesciunt aliquam voluptas iste voluptate.',253,5,29,'2020-08-28 08:30:20','2020-08-28 08:30:20'),
	(136,'temporibus','Voluptate aperiam eaque assumenda. Reiciendis voluptates expedita dignissimos dolorum dolores est sed. Molestiae harum facilis delectus voluptatem molestiae voluptatum aliquid. Dolor cum vero quis quia.',855,7,12,'2020-08-28 08:30:20','2020-08-28 08:30:20'),
	(137,'optio','Ut et et quibusdam molestiae aperiam. Et atque modi soluta magnam. Voluptatem ea recusandae dolorem. Et explicabo illum veniam ea non.',273,0,27,'2020-08-28 08:30:20','2020-08-28 08:30:20'),
	(138,'a','Doloremque vel debitis recusandae qui. Provident id et voluptatibus ducimus sed atque et. Eveniet eveniet blanditiis assumenda aut inventore veniam.',578,0,28,'2020-08-28 08:30:20','2020-08-28 08:30:20'),
	(139,'enim','Sapiente unde autem adipisci omnis aut aut. Consequatur dolor culpa qui provident qui. Sed et et omnis et.',764,0,5,'2020-08-28 08:30:20','2020-08-28 08:30:20'),
	(140,'culpa','Pariatur aut sit ipsum rerum dignissimos aut. Odio ratione rerum quae illo. Voluptatem earum exercitationem neque et est aut. Et expedita voluptates voluptates quis corporis ut.',153,5,10,'2020-08-28 08:30:20','2020-08-28 08:30:20'),
	(141,'nobis','Architecto minus culpa id numquam fuga nobis. Nihil totam velit qui et. Iste dolor et fuga illo quas. Autem est dolor et molestias voluptatem.',394,7,13,'2020-08-28 08:30:20','2020-08-28 08:30:20'),
	(142,'corporis','Aperiam dolorum iusto error aperiam earum. Amet beatae fugit sint sint et id id eum. Labore sequi hic modi.',899,1,21,'2020-08-28 08:30:20','2020-08-28 08:30:20'),
	(143,'consequatur','Tenetur rerum perspiciatis eius quidem quisquam. Rem minus unde culpa aut. Sint ipsam iure ea vel exercitationem.',883,2,19,'2020-08-28 08:30:20','2020-08-28 08:30:20'),
	(144,'adipisci','Numquam id amet sed quo facilis minus dolor assumenda. Nulla sed quis debitis quae minus qui. Et deleniti soluta error molestiae repellat tempore voluptas. Voluptatem reiciendis facere eum itaque.',215,4,27,'2020-08-28 08:30:20','2020-08-28 08:30:20'),
	(145,'modi','Ipsum nesciunt officiis nihil vitae aut. Sint reiciendis expedita corporis. Laudantium incidunt ullam unde tempora et.',304,8,26,'2020-08-28 08:30:20','2020-08-28 08:30:20'),
	(146,'et','Est eos accusamus quasi saepe consectetur et rerum et. Iure aut dolores sequi qui voluptas. Temporibus aut excepturi quisquam. Dolor laborum nihil et ipsam sit necessitatibus autem.',412,5,3,'2020-08-28 08:30:20','2020-08-28 08:30:20'),
	(147,'repellat','Sunt officiis veritatis voluptas eos natus. Qui dignissimos nihil vero saepe tempore id eum. Ratione doloremque omnis est a dolores.',376,0,27,'2020-08-28 08:30:20','2020-08-28 08:30:20'),
	(148,'voluptas','Minus est architecto harum ut. Id pariatur qui voluptatem inventore quas. Ut omnis id pariatur beatae. Et velit et aut nemo velit minus.',674,9,12,'2020-08-28 08:30:20','2020-08-28 08:30:20'),
	(149,'et','Quia veritatis totam voluptate eaque. Dolorum sequi recusandae officia iusto qui.',811,5,30,'2020-08-28 08:30:20','2020-08-28 08:30:20'),
	(150,'quaerat','Provident dolor et atque aut. Consequatur voluptatibus perspiciatis quaerat et nam doloremque quisquam. Labore possimus possimus nemo rem.',461,9,27,'2020-08-28 08:30:20','2020-08-28 08:30:20');

/*!40000 ALTER TABLE `products` ENABLE KEYS */;
UNLOCK TABLES;


# Dump of table reviews
# ------------------------------------------------------------

DROP TABLE IF EXISTS `reviews`;

CREATE TABLE `reviews` (
  `id` int(10) unsigned NOT NULL AUTO_INCREMENT,
  `product_id` int(10) unsigned NOT NULL,
  `customer` varchar(255) COLLATE utf8mb4_unicode_ci NOT NULL,
  `review` text COLLATE utf8mb4_unicode_ci NOT NULL,
  `star` int(11) NOT NULL,
  `created_at` timestamp NULL DEFAULT NULL,
  `updated_at` timestamp NULL DEFAULT NULL,
  PRIMARY KEY (`id`),
  KEY `reviews_product_id_index` (`product_id`),
  CONSTRAINT `reviews_product_id_foreign` FOREIGN KEY (`product_id`) REFERENCES `products` (`id`) ON DELETE CASCADE
) ENGINE=InnoDB DEFAULT CHARSET=utf8mb4 COLLATE=utf8mb4_unicode_ci;

LOCK TABLES `reviews` WRITE;
/*!40000 ALTER TABLE `reviews` DISABLE KEYS */;

INSERT INTO `reviews` (`id`, `product_id`, `customer`, `review`, `star`, `created_at`, `updated_at`)
VALUES
	(1,38,'Jennyfer Bergnaum II','Enim doloribus voluptatem excepturi. Laudantium pariatur provident aut in. Laborum suscipit sunt et porro. Occaecati fugit unde voluptatem cupiditate. Suscipit nisi quo non pariatur consectetur.',5,'2020-08-28 08:30:21','2020-08-28 08:30:21'),
	(2,2,'Mr. Ibrahim Stiedemann IV','Itaque eum similique molestiae incidunt incidunt. Nesciunt et voluptate officiis. Illo nihil vel libero aperiam provident. Vitae cum quasi earum dignissimos dignissimos.',0,'2020-08-28 08:30:21','2020-08-28 08:30:21'),
	(3,140,'Mr. Isadore Ruecker','Aut rem consequuntur non sit dolorum eaque. Et corrupti quis quam consectetur ut repellat eum. Deserunt natus ducimus rerum ipsum sequi.',3,'2020-08-28 08:30:21','2020-08-28 08:30:21'),
	(4,119,'Josue Kerluke','Illo eum consectetur ipsum rem. Dignissimos non exercitationem natus aliquid ex accusantium. Harum eaque ea animi dolore tempora quibusdam.',2,'2020-08-28 08:30:21','2020-08-28 08:30:21'),
	(5,150,'Mr. Montana Lang','Aut accusantium molestiae qui sint saepe. Quisquam odit nihil aut iusto nesciunt adipisci et.',5,'2020-08-28 08:30:21','2020-08-28 08:30:21'),
	(6,24,'Ashlynn Jerde','Reiciendis quo fugit consequatur et. Deserunt laudantium dolor asperiores est minima et. Ullam esse molestiae tempora voluptas voluptatibus.',5,'2020-08-28 08:30:21','2020-08-28 08:30:21'),
	(7,89,'Dr. Garret Harvey','At soluta sint officiis voluptatem quis fugiat. Ea ut temporibus nisi quia dolorem deserunt laborum. Harum aut laboriosam provident ut ratione.',1,'2020-08-28 08:30:21','2020-08-28 08:30:21'),
	(8,77,'Dr. Laisha Turcotte','Et doloribus facilis qui rerum quo velit ut. Qui facilis facere iure. Minus rerum architecto quas expedita natus laboriosam.',1,'2020-08-28 08:30:21','2020-08-28 08:30:21'),
	(9,138,'Viviane O\'Kon','Quis animi nihil sed est voluptatem aperiam occaecati consequatur. Aut natus atque quo. Et officiis rerum exercitationem facilis quaerat iste quaerat facere. Quia vel et eos nam omnis.',2,'2020-08-28 08:30:21','2020-08-28 08:30:21'),
	(10,52,'Mrs. Dolores Witting','Asperiores velit eum ratione accusamus error ea. Ea ipsa ut corrupti ratione. Itaque neque reiciendis natus qui voluptatem.',3,'2020-08-28 08:30:21','2020-08-28 08:30:21'),
	(11,147,'Roselyn Lang','Eos quos nesciunt repellendus quas sint. Tempora ut in autem perferendis autem est dolore. Et et corrupti vel voluptas nemo. Officia est quae non nam a provident voluptatem. Aliquam id corporis cumque ipsum nemo quia voluptatem.',0,'2020-08-28 08:30:21','2020-08-28 08:30:21'),
	(12,107,'Prof. Howard Ziemann','Blanditiis quia in voluptas aperiam voluptatem. Et voluptatibus quos aut et accusantium nostrum doloribus et. Repudiandae quod veniam sit inventore optio officia.',4,'2020-08-28 08:30:21','2020-08-28 08:30:21'),
	(13,86,'Helga Hayes','Laborum voluptatem expedita quaerat eum maxime ab magni. Et illum optio voluptate. Voluptates sunt dolor ut eligendi. Pariatur harum quibusdam labore quo veniam fugit quisquam. Facere vel et maxime sunt nam.',1,'2020-08-28 08:30:21','2020-08-28 08:30:21'),
	(14,90,'Art Stokes','Et et nam saepe. Magni perferendis aut reprehenderit est impedit magnam. Quia quo nihil tempora molestias ducimus cupiditate.',1,'2020-08-28 08:30:21','2020-08-28 08:30:21'),
	(15,112,'Phyllis O\'Connell','Sint veniam minima incidunt at. Dolor minima repellendus delectus quas occaecati. Explicabo qui facere reprehenderit temporibus magni quaerat. Voluptatum inventore harum rem. Facilis alias veritatis qui harum saepe.',2,'2020-08-28 08:30:21','2020-08-28 08:30:21'),
	(16,143,'Ross Hahn','Asperiores est est fugiat voluptatum et. Ea dolorum consequatur sed cumque recusandae perferendis aliquid aut. Inventore quidem veritatis odio impedit aut repellendus.',2,'2020-08-28 08:30:21','2020-08-28 08:30:21'),
	(17,76,'Lorine Stehr','Animi totam voluptas maxime consequuntur. Molestias quis et cumque. Et sunt nostrum amet et quibusdam maiores. Non odit sint eos occaecati et.',1,'2020-08-28 08:30:21','2020-08-28 08:30:21'),
	(18,130,'Royce Willms','Sapiente quam rem non et ut eum nesciunt. Qui impedit quis dignissimos tempora natus temporibus. Nihil fuga fuga ut exercitationem doloremque voluptate natus eius. Repudiandae dolore quod et occaecati sit voluptatem ipsum. Excepturi totam repudiandae est enim id.',1,'2020-08-28 08:30:21','2020-08-28 08:30:21'),
	(19,50,'Mrs. Hortense Bergstrom DVM','Recusandae quaerat officiis consequatur itaque. Fuga explicabo non non. Quisquam suscipit quia saepe voluptatem unde exercitationem porro voluptatem. Rerum velit mollitia eos minus officiis enim rerum ut. Illo vel suscipit eaque eaque porro.',4,'2020-08-28 08:30:21','2020-08-28 08:30:21'),
	(20,32,'Devyn Kris','Illo excepturi iste voluptate deserunt repellendus et earum. Placeat dolorum aut possimus illo. Dolorem tempore alias impedit dignissimos corrupti non doloremque.',3,'2020-08-28 08:30:21','2020-08-28 08:30:21'),
	(21,10,'Miss Arianna Bayer','Eligendi sunt dolore et rerum eos pariatur eligendi. Magnam beatae et tempora autem. Distinctio et sapiente et facilis.',2,'2020-08-28 08:30:21','2020-08-28 08:30:21'),
	(22,8,'Darrin Hirthe','Tempore inventore rerum magnam quia nostrum assumenda reiciendis. Tempora assumenda nam molestiae maiores. Quibusdam eligendi quia dolor qui nemo expedita. Voluptatum quia ut sed aliquid non sed ratione.',3,'2020-08-28 08:30:21','2020-08-28 08:30:21'),
	(23,22,'Freddy Walsh Sr.','Labore odit ea explicabo unde deleniti quia quo. Iure provident aut minus recusandae. Qui id quo et ratione voluptatem in qui. Voluptates tempora sint autem quia velit et voluptate. Quam ut quo perferendis aperiam fugit.',4,'2020-08-28 08:30:21','2020-08-28 08:30:21'),
	(24,20,'Dr. Christa Larkin','Voluptatem modi deleniti voluptatibus qui provident non. Architecto et voluptas tempora sint. Iusto sit ut maiores sapiente et aut illum.',0,'2020-08-28 08:30:21','2020-08-28 08:30:21'),
	(25,4,'Roselyn Wunsch','Saepe esse omnis quaerat quisquam et ex. Qui alias aut quaerat reprehenderit sint. Sit doloribus eius voluptatem ex aliquid. Culpa alias dolor dolor.',1,'2020-08-28 08:30:21','2020-08-28 08:30:21'),
	(26,17,'Donald Rau DDS','Temporibus non qui sunt. Ipsa voluptatem debitis quia provident. Quia beatae repellendus eum placeat ut hic. Natus culpa ut incidunt neque quibusdam. Excepturi voluptas enim quaerat quidem tempora.',5,'2020-08-28 08:30:21','2020-08-28 08:30:21'),
	(27,22,'Ramiro Langworth','Adipisci facilis illo sint suscipit dicta in consequatur. Dolores eveniet in nesciunt deserunt minima aut inventore. Voluptates rerum ut consectetur incidunt nisi. Odio fuga omnis ipsa qui et delectus. Dolorum nisi voluptates enim quo.',1,'2020-08-28 08:30:21','2020-08-28 08:30:21'),
	(28,150,'Deondre Dibbert PhD','Et laborum quis in voluptates. Dolor sed autem voluptatem magni. Ut similique veniam saepe non qui molestias molestias dignissimos.',0,'2020-08-28 08:30:21','2020-08-28 08:30:21'),
	(29,30,'Tyrell Mraz','Repellendus ipsum libero non dolor illo sunt. Ab dolor eveniet nesciunt ipsum. Et et voluptatibus quia ab facilis perferendis quod.',3,'2020-08-28 08:30:21','2020-08-28 08:30:21'),
	(30,127,'Filomena Schulist','Delectus quia odio et. Quas quaerat pariatur enim est. Illo quae ut harum sed. Provident vitae sequi placeat id.',2,'2020-08-28 08:30:21','2020-08-28 08:30:21'),
	(31,106,'Mr. Marvin Gaylord','Harum eos quibusdam tempora et. Nisi dolorem ut explicabo beatae est perspiciatis. Ut velit magni enim voluptate et magnam praesentium. Sint voluptatem quae est voluptates laboriosam amet quam ipsa.',5,'2020-08-28 08:30:21','2020-08-28 08:30:21'),
	(32,130,'Mr. Ceasar Wilderman','Aut et impedit magnam voluptatem eligendi. In fugiat et sed. Et ab enim quis et quia.',5,'2020-08-28 08:30:21','2020-08-28 08:30:21'),
	(33,125,'Dee Kovacek MD','Et voluptatibus perferendis cumque autem doloremque. Velit temporibus aut recusandae recusandae necessitatibus expedita quaerat. Dolores debitis eius sit nihil.',4,'2020-08-28 08:30:21','2020-08-28 08:30:21'),
	(34,147,'Parker Corkery','Et voluptatibus quis ipsam et. Rem consequatur omnis sit dolorem quas quia suscipit. In voluptas expedita voluptatum et.',2,'2020-08-28 08:30:21','2020-08-28 08:30:21'),
	(35,147,'Emery Langosh','Rem consequatur excepturi eligendi delectus libero nostrum ipsa. Magnam ut qui quas non aperiam corporis. Ducimus ut veritatis voluptatem vitae.',1,'2020-08-28 08:30:21','2020-08-28 08:30:21'),
	(36,112,'Benton Frami','Ea id eum nobis cum. Sit sit quod libero praesentium sed quo molestiae aut. Pariatur vel culpa voluptas deleniti consequuntur et.',0,'2020-08-28 08:30:21','2020-08-28 08:30:21'),
	(37,12,'Bertrand Reichel','Qui deleniti suscipit cumque. Et ratione cum est eligendi. Magnam et minus dolorum temporibus itaque sequi in.',3,'2020-08-28 08:30:21','2020-08-28 08:30:21'),
	(38,37,'Kirstin Kertzmann','Omnis culpa dolores enim qui quaerat delectus. Non atque quasi aut dolor. Voluptas omnis in ut et.',0,'2020-08-28 08:30:21','2020-08-28 08:30:21'),
	(39,99,'Ned Kerluke III','Enim quis dolor illum sit. Error sed et voluptatibus laboriosam autem tempora itaque. Molestiae similique itaque repellendus omnis.',5,'2020-08-28 08:30:21','2020-08-28 08:30:21'),
	(40,106,'Mary Waters','Sit quo aliquid animi sed asperiores dolorem. Alias odit officia itaque soluta temporibus omnis. Dolores quisquam sit reprehenderit saepe.',0,'2020-08-28 08:30:21','2020-08-28 08:30:21'),
	(41,134,'Theresia Daniel','Eos est ex sequi est. Eum aut earum cupiditate quisquam ut voluptate. Impedit cupiditate totam repellendus aut. In praesentium veniam harum et amet sint.',4,'2020-08-28 08:30:21','2020-08-28 08:30:21'),
	(42,110,'Gonzalo Frami','Voluptas aut nobis et sed rerum. Doloribus est saepe vero quod. Quod vitae excepturi qui et porro.',0,'2020-08-28 08:30:21','2020-08-28 08:30:21'),
	(43,24,'Diana Schimmel','Molestias ea tempora et ratione quis maiores. Sunt autem ad optio rerum. Natus consequatur quos id molestiae aut. Praesentium tempore maiores earum quos sequi voluptatum hic itaque.',2,'2020-08-28 08:30:21','2020-08-28 08:30:21'),
	(44,139,'Adrain Blick','Qui illum ut dolorem mollitia praesentium vel. Consectetur aliquam quasi aliquid minima totam. Fugit optio laboriosam dolorum vel.',5,'2020-08-28 08:30:21','2020-08-28 08:30:21'),
	(45,132,'Alvena Stanton','Magnam ab aut et sapiente quos doloribus molestias. Quae necessitatibus alias praesentium ut. Culpa odit iusto distinctio molestiae repudiandae culpa molestiae.',5,'2020-08-28 08:30:21','2020-08-28 08:30:21'),
	(46,12,'Lonnie Ebert','Voluptatem provident libero quod vel dolorem. Expedita recusandae non dolore laudantium quis provident. Et fugit minus tenetur distinctio ut soluta.',0,'2020-08-28 08:30:21','2020-08-28 08:30:21'),
	(47,146,'Marietta Bradtke','Ut incidunt voluptatum laboriosam at quae animi at. Aut voluptatem autem rem nobis. Consequatur eveniet magnam culpa qui repellat nemo et assumenda. Necessitatibus eos placeat harum facilis voluptates provident. Cum quia repellat nulla assumenda ex.',5,'2020-08-28 08:30:21','2020-08-28 08:30:21'),
	(48,107,'Ludwig Gutkowski MD','Tempora et iusto et autem doloribus quo delectus perferendis. Ea sapiente vel aperiam ad. Aut minima qui sint nulla. Et debitis delectus quia atque repudiandae ut.',4,'2020-08-28 08:30:21','2020-08-28 08:30:21'),
	(49,8,'Hazel Hackett','Reprehenderit necessitatibus distinctio repudiandae vel iure nulla. Nesciunt deserunt alias dolores consectetur et et. Non quis maiores laboriosam. Commodi velit rem aperiam consequuntur quis.',1,'2020-08-28 08:30:21','2020-08-28 08:30:21'),
	(50,141,'Pauline Cronin DDS','Dicta quis et molestiae itaque. Rerum perspiciatis qui voluptas temporibus vel. Dolor ut nihil officia vitae aliquam qui minus.',5,'2020-08-28 08:30:21','2020-08-28 08:30:21'),
	(51,57,'Dr. Regan Leannon III','Et numquam aut recusandae molestiae exercitationem ut odio atque. Est sed aliquam omnis repellat quos non aliquam. Earum ratione eum dolor voluptas mollitia ad. Libero labore nulla ea ad eligendi laudantium molestias molestiae.',2,'2020-08-28 08:30:21','2020-08-28 08:30:21'),
	(52,139,'Reina Schowalter','Distinctio voluptas non eos consequuntur distinctio dolorem. Id rerum ipsa nesciunt dolores beatae sint. In placeat maxime neque libero.',2,'2020-08-28 08:30:21','2020-08-28 08:30:21'),
	(53,36,'Dr. Woodrow Thiel','Rerum temporibus repudiandae consequatur vitae rerum. Consequatur velit autem expedita ipsum alias dicta ut.',2,'2020-08-28 08:30:21','2020-08-28 08:30:21'),
	(54,27,'Kaylin Wilkinson','Sit non dolore asperiores. Voluptatem distinctio atque soluta nihil vero non fuga. Beatae quibusdam amet odio sed est. Officiis nisi qui nisi culpa nemo.',4,'2020-08-28 08:30:21','2020-08-28 08:30:21'),
	(55,145,'Emie Ullrich V','Earum a expedita quia placeat id nihil. Voluptatum facere suscipit repellat asperiores quaerat fugiat aut. Soluta dolor deserunt sapiente et labore. Officia ea atque qui eum. Unde earum doloremque maxime animi.',3,'2020-08-28 08:30:21','2020-08-28 08:30:21'),
	(56,98,'Bernadine Connelly','Soluta repellendus exercitationem fugiat expedita placeat atque. Reprehenderit atque assumenda dolore ipsa voluptatem iure hic. Soluta porro aut impedit reiciendis. Quia et nisi esse beatae ipsa.',4,'2020-08-28 08:30:21','2020-08-28 08:30:21'),
	(57,41,'Leopoldo Kovacek','Architecto amet perferendis reiciendis reiciendis reiciendis. Est et eveniet voluptatem. Earum blanditiis enim pariatur adipisci eligendi quia inventore.',5,'2020-08-28 08:30:21','2020-08-28 08:30:21'),
	(58,18,'Miss Precious Reynolds DVM','Sint sit est eius consequatur placeat quaerat. Omnis odio amet alias culpa soluta accusamus quae. Voluptatem molestias explicabo culpa dolor culpa et.',5,'2020-08-28 08:30:21','2020-08-28 08:30:21'),
	(59,25,'Jaquan Adams II','Accusamus recusandae aliquid sint vitae voluptatem eligendi. Pariatur voluptas suscipit nesciunt atque magni. Tempore sed debitis eligendi ea reprehenderit et eum. Veritatis eveniet laborum quaerat earum aut quisquam.',0,'2020-08-28 08:30:21','2020-08-28 08:30:21'),
	(60,111,'Gladys Hill','Autem minima facere corrupti pariatur dolores. Magnam quibusdam perferendis illum reiciendis consequatur dolorem qui. Molestiae et possimus fugiat provident ipsa. Magnam ut aspernatur molestias natus atque ipsum.',0,'2020-08-28 08:30:21','2020-08-28 08:30:21'),
	(61,147,'Estrella Kreiger','Quia nemo est placeat quia quasi et atque. Saepe quas vitae fuga dolorem est. Cupiditate optio officiis voluptatem perspiciatis nulla. Quidem ut eos accusantium neque repudiandae aut est. Cupiditate quia iure facere iure accusantium ut omnis.',1,'2020-08-28 08:30:21','2020-08-28 08:30:21'),
	(62,140,'Clyde Green','Eligendi magni et amet voluptatibus dolor eum et expedita. Libero magni assumenda voluptatibus vel quo. Dolor quas fugiat sint labore ullam repudiandae.',1,'2020-08-28 08:30:21','2020-08-28 08:30:21'),
	(63,107,'Domenic Breitenberg','Quia perspiciatis est perferendis et. Laboriosam et voluptate et aliquam et. Nobis maxime consequuntur molestiae perferendis dolore ullam.',0,'2020-08-28 08:30:21','2020-08-28 08:30:21'),
	(64,55,'Prof. Claudine Nikolaus','Doloribus sint excepturi et sit magni quia. Labore dolorem alias labore deleniti temporibus nemo ut.',2,'2020-08-28 08:30:21','2020-08-28 08:30:21'),
	(65,29,'Dr. Roberta Davis DDS','Quia eum voluptatibus sit et occaecati facilis quo. Et et accusantium similique enim. Dolores eligendi deleniti necessitatibus dolore laborum.',1,'2020-08-28 08:30:21','2020-08-28 08:30:21'),
	(66,131,'Randal Johnston V','Magnam reiciendis accusantium labore et commodi. Et reprehenderit perspiciatis reprehenderit corrupti animi. Officiis similique reprehenderit blanditiis est deleniti.',0,'2020-08-28 08:30:21','2020-08-28 08:30:21'),
	(67,6,'Prof. Vito Murazik','Unde rerum fugiat quod distinctio maiores a. Voluptatem ipsa consequuntur officiis minima magnam voluptatibus beatae. Voluptatem dicta et nisi incidunt ut.',5,'2020-08-28 08:30:21','2020-08-28 08:30:21'),
	(68,68,'Burdette Hartmann','Quaerat repudiandae iure et iste nulla qui ducimus. Voluptatem dolores deserunt quia sit vel quis.',4,'2020-08-28 08:30:21','2020-08-28 08:30:21'),
	(69,2,'Freda Zulauf','Quia dolor consequatur velit ut ducimus possimus dolores aperiam. A commodi consequuntur et aut quos quia quidem. Ut eos et eum. Quidem vero ipsam atque nemo laudantium.',5,'2020-08-28 08:30:21','2020-08-28 08:30:21'),
	(70,34,'Daisy Feest','Dolores omnis voluptate nam recusandae recusandae omnis. Omnis voluptatem odit delectus quo non et sit ut. Molestiae fugit nihil unde exercitationem. Odio ipsum nisi occaecati.',4,'2020-08-28 08:30:21','2020-08-28 08:30:21'),
	(71,80,'Oda Schoen','Laboriosam cumque voluptas placeat libero. Deleniti autem consequatur et placeat aut omnis odit. Incidunt dolor est amet iusto iure. Labore quia quidem vitae quas inventore minima. Voluptatum molestiae voluptas voluptatem quas inventore est sed.',4,'2020-08-28 08:30:21','2020-08-28 08:30:21'),
	(72,68,'Coralie Goyette','In est nesciunt voluptates voluptatum. Laboriosam repellat quas dolorum. Est corporis quia ut asperiores. Dolorum aspernatur maxime porro eos ratione et.',0,'2020-08-28 08:30:21','2020-08-28 08:30:21'),
	(73,86,'Miss Ona Batz DVM','Unde aut corporis accusamus sed. Necessitatibus est officiis molestiae eligendi est. Rerum accusantium consequatur omnis beatae maiores. Aliquam et perspiciatis suscipit aut blanditiis. Sit ducimus consectetur quae qui quisquam.',4,'2020-08-28 08:30:21','2020-08-28 08:30:21'),
	(74,150,'Gianni Walker','Aut tenetur ut odio quae ducimus. Beatae omnis perspiciatis aut totam dolor. Occaecati voluptates incidunt sunt sint ab error. Voluptates totam laudantium enim voluptatem nemo consequatur ad.',4,'2020-08-28 08:30:21','2020-08-28 08:30:21'),
	(75,130,'Pansy Jacobson','Enim accusantium vero quisquam repellendus suscipit tempore et. Quia quo dolores nulla voluptates quos consequatur. Voluptatum voluptates quis eligendi qui sint quidem.',5,'2020-08-28 08:30:21','2020-08-28 08:30:21'),
	(76,16,'Jarod Pagac','Velit sit quaerat dolorum minima facilis fugit. Autem doloremque in corrupti consectetur dolorum. Rerum perferendis at ducimus deserunt repudiandae nemo.',2,'2020-08-28 08:30:21','2020-08-28 08:30:21'),
	(77,2,'Consuelo Effertz','Repellendus cupiditate possimus adipisci numquam rerum consequatur inventore. Minus in nostrum delectus tempora architecto. Inventore sit nihil at incidunt delectus qui. Eius corporis ut id maiores dolores.',3,'2020-08-28 08:30:21','2020-08-28 08:30:21'),
	(78,44,'Sophie Toy','Similique distinctio sed possimus non debitis et. Sed soluta voluptatum odio dolore minus ratione sequi. Magnam aperiam praesentium harum labore provident at.',4,'2020-08-28 08:30:21','2020-08-28 08:30:21'),
	(79,23,'Miss Chaya Feeney','Sequi aperiam a qui facere. Rem voluptas mollitia veniam minus molestiae at ea. Error sit et dolores ut nostrum ipsam.',4,'2020-08-28 08:30:21','2020-08-28 08:30:21'),
	(80,150,'Prof. Leland Bins','Illum reiciendis fugiat nihil vitae. Neque placeat autem ut tempore similique facere. Cupiditate quae nobis aut asperiores reiciendis quisquam.',1,'2020-08-28 08:30:21','2020-08-28 08:30:21'),
	(81,95,'Prof. Giovani McLaughlin','Laborum dolorem esse temporibus totam perferendis. Similique consectetur eaque provident ipsum quidem incidunt. Id aliquid odio ut reiciendis eligendi.',1,'2020-08-28 08:30:21','2020-08-28 08:30:21'),
	(82,64,'Carlee Durgan','Ad in eius repudiandae. Omnis alias quis doloribus voluptatem autem. Eligendi maiores dolore aut. Expedita enim provident reprehenderit aperiam sapiente velit eveniet.',0,'2020-08-28 08:30:21','2020-08-28 08:30:21'),
	(83,60,'Dr. Tianna Terry','Vel nihil necessitatibus eum eos repellat. Dolor ipsum quia mollitia nam magni. Porro voluptatum aliquid est quaerat. Autem inventore magni sint debitis aliquid sint ut.',3,'2020-08-28 08:30:21','2020-08-28 08:30:21'),
	(84,93,'Estefania Robel','In et voluptate ducimus corrupti nihil sapiente et. In natus qui ut dolor qui sequi amet omnis. Voluptas impedit molestiae temporibus aspernatur rerum amet quos. Sed et praesentium voluptatem suscipit aut consequatur.',2,'2020-08-28 08:30:21','2020-08-28 08:30:21'),
	(85,51,'Mr. Lenny Effertz','Asperiores sequi qui cupiditate consequatur numquam similique. Eveniet veritatis culpa id in et ut. Dolorum dicta magni qui qui.',5,'2020-08-28 08:30:21','2020-08-28 08:30:21'),
	(86,21,'Tyrell Koelpin','Quis voluptatem non iste veritatis saepe voluptatibus soluta ut. Tenetur in ea magni impedit qui mollitia fugit. Aut quod sit inventore quisquam laudantium. Nesciunt quae deleniti quo saepe est. Et fugiat excepturi quo sint rerum nisi quaerat.',2,'2020-08-28 08:30:21','2020-08-28 08:30:21'),
	(87,9,'Jaclyn Flatley','Asperiores quia deserunt aut. Doloremque eligendi maxime autem rerum ea earum veniam. Nemo voluptatum est atque corporis dolorum. Et ut aliquam eum minima. Assumenda ea sed et veniam quidem.',1,'2020-08-28 08:30:21','2020-08-28 08:30:21'),
	(88,26,'Laila Tromp','Itaque sequi molestiae accusamus esse autem. Cupiditate esse pariatur nihil numquam sed quia. Quaerat aut velit dignissimos.',1,'2020-08-28 08:30:21','2020-08-28 08:30:21'),
	(89,94,'Prof. Rodger Buckridge MD','Rerum maiores repudiandae est a. Porro enim quia vero fugiat perferendis quis voluptatem recusandae. Amet et non quia voluptatibus voluptas laudantium. Et et veritatis explicabo quae sint quia. Voluptas maiores non quibusdam qui sit facere et.',4,'2020-08-28 08:30:21','2020-08-28 08:30:21'),
	(90,94,'Ruth Hane','Quod facilis possimus hic. Labore amet qui nostrum aliquid iste exercitationem temporibus ipsam. Totam quia deserunt nobis ea ad unde.',2,'2020-08-28 08:30:21','2020-08-28 08:30:21'),
	(91,10,'Phoebe Wintheiser Sr.','Numquam ut libero sed sit. Totam voluptates quo sit in dignissimos excepturi. Et unde assumenda soluta iure. Libero at qui amet qui repellat consequuntur ad.',4,'2020-08-28 08:30:21','2020-08-28 08:30:21'),
	(92,78,'Ora Kihn','Fuga possimus ratione mollitia. Quia beatae rerum ipsam est.',5,'2020-08-28 08:30:21','2020-08-28 08:30:21'),
	(93,44,'Mr. Erick Gleichner','Nulla voluptas amet harum autem vitae. Voluptas incidunt non commodi.',2,'2020-08-28 08:30:21','2020-08-28 08:30:21'),
	(94,105,'Mrs. Maegan Kilback MD','Accusamus recusandae consequatur deserunt quo maxime est. Non et quibusdam minima ratione sunt. Quo officiis dolor et atque totam consequatur. Qui quidem amet laudantium sed numquam et quo. Tenetur et perferendis sit rerum maiores facilis omnis.',5,'2020-08-28 08:30:21','2020-08-28 08:30:21'),
	(95,23,'Mr. Rowland Conn','Est saepe alias animi dolores optio suscipit modi. Amet sed voluptatem est. Delectus excepturi provident et vel et. Voluptate sed perferendis doloremque inventore.',2,'2020-08-28 08:30:21','2020-08-28 08:30:21'),
	(96,139,'Garfield Koch','Quaerat quo non est. Minus sit qui nostrum dicta dolor. Aut fugit iure et nostrum veniam nobis. Et sequi omnis sunt fuga velit accusantium repellat.',1,'2020-08-28 08:30:21','2020-08-28 08:30:21'),
	(97,15,'Immanuel Thompson','Necessitatibus blanditiis recusandae debitis voluptatem inventore voluptatem. Voluptatibus ut dolorem qui ut. Quis dignissimos molestiae quis commodi voluptatem ratione neque.',4,'2020-08-28 08:30:21','2020-08-28 08:30:21'),
	(98,55,'Clarissa Kuhic','Dolorem repellat alias cum dolore eos. Perferendis est aut corporis provident. Nesciunt voluptas rerum nostrum consequatur.',5,'2020-08-28 08:30:21','2020-08-28 08:30:21'),
	(99,130,'Lauren Johnston DDS','Natus dolorem quos est nobis et magnam. Exercitationem dolore deleniti et quos reiciendis iste. Deleniti cupiditate aut enim totam animi veritatis iusto. Nihil aut in nulla ad.',2,'2020-08-28 08:30:21','2020-08-28 08:30:21'),
	(100,46,'Mr. Lourdes Gerlach','Sit distinctio itaque ut quo unde sunt. Sed est odit non vero. In quos neque sapiente.',5,'2020-08-28 08:30:21','2020-08-28 08:30:21'),
	(101,3,'Lily Hermiston','Necessitatibus nam aspernatur ad iste rem cupiditate. Aliquid eligendi quidem illum rerum iste illum laboriosam distinctio. Nesciunt vel laborum blanditiis doloribus. Dolorem magni incidunt vel veritatis vel soluta accusantium.',5,'2020-08-28 08:30:21','2020-08-28 08:30:21'),
	(102,127,'Prof. Giovanni Jones','Dignissimos beatae enim praesentium adipisci blanditiis aut voluptatem. Cum sed voluptas aut ad ut. Eaque ipsum ex mollitia qui vero sunt ipsa. Cum minus dolor velit dicta.',0,'2020-08-28 08:30:21','2020-08-28 08:30:21'),
	(103,37,'Mr. Gregory Kub IV','Ut dolor pariatur quam sequi ipsum molestias. Reiciendis error asperiores quia qui ea aspernatur. Ducimus qui deleniti perferendis ut in deleniti. Magni nihil iusto incidunt totam ullam voluptates quod quia.',0,'2020-08-28 08:30:21','2020-08-28 08:30:21'),
	(104,25,'Adriel Farrell','Quia sequi quibusdam perspiciatis quos. Tenetur culpa ducimus modi eos non magnam. Harum autem dolorem sequi est labore officia. Numquam nisi illum magni id tempore.',5,'2020-08-28 08:30:21','2020-08-28 08:30:21'),
	(105,82,'Kallie Schinner','Labore eveniet distinctio odio ex ut quidem. Dolor sequi et quia tempore veritatis nobis qui. Autem harum quis voluptatem et nesciunt mollitia rerum vitae.',3,'2020-08-28 08:30:21','2020-08-28 08:30:21'),
	(106,72,'Alison Bruen','Eligendi aut odio voluptate doloremque numquam. Assumenda sed optio dolores dolor delectus et autem ut. Sint aut sint recusandae cupiditate ipsam eos. Magnam eius nemo autem totam minima aut aperiam placeat. Officia veritatis amet molestias rem mollitia.',2,'2020-08-28 08:30:21','2020-08-28 08:30:21'),
	(107,54,'Lolita Thompson','Ut id voluptas maiores est laudantium. Soluta omnis inventore sit earum ratione nobis. Cupiditate in et aut reiciendis.',3,'2020-08-28 08:30:21','2020-08-28 08:30:21'),
	(108,72,'Rey Von','Minus et est facilis aut maiores. Neque veritatis quae non facere architecto. Qui necessitatibus vero non ut.',4,'2020-08-28 08:30:21','2020-08-28 08:30:21'),
	(109,135,'Rossie Mann','Laboriosam est ut assumenda ab enim rerum optio. Aut dolores sunt nihil dolor quia harum. Voluptates repellendus mollitia sequi perferendis culpa dolores consectetur. Et soluta in autem ipsam sit voluptatibus sed.',3,'2020-08-28 08:30:21','2020-08-28 08:30:21'),
	(110,75,'Sandra Schaefer','Vel voluptate et quas occaecati. Aut ipsum maiores ut maxime. Veniam veniam at praesentium. Maxime soluta dolorem veniam corporis rerum quis.',4,'2020-08-28 08:30:21','2020-08-28 08:30:21'),
	(111,124,'Dr. Arielle Grant Jr.','Aspernatur non omnis nam explicabo eum aliquid velit. Temporibus dolor sunt ex eum. Necessitatibus natus itaque enim placeat aspernatur vel.',5,'2020-08-28 08:30:21','2020-08-28 08:30:21'),
	(112,22,'Vladimir Herman','Eligendi modi eos aliquam qui autem repellendus. Eum corrupti quibusdam ipsa aspernatur. Explicabo itaque cupiditate est. Assumenda explicabo nobis officiis. Minima mollitia atque voluptatem maxime beatae.',5,'2020-08-28 08:30:21','2020-08-28 08:30:21'),
	(113,105,'Marques Gislason','Eum culpa molestiae architecto quia iusto. Hic velit et facilis et.',4,'2020-08-28 08:30:21','2020-08-28 08:30:21'),
	(114,99,'Odessa Wehner','A reiciendis id voluptatem laboriosam dolores. Exercitationem nesciunt ad suscipit voluptatem. Quisquam dolor rerum est enim aut. Rerum saepe autem est inventore. Et itaque qui doloribus odit quo.',5,'2020-08-28 08:30:21','2020-08-28 08:30:21'),
	(115,61,'Linwood Auer DDS','Placeat doloremque sit reiciendis molestiae ex quis deleniti. Nihil magni maiores quia aut. Nemo nobis laboriosam aut.',5,'2020-08-28 08:30:21','2020-08-28 08:30:21'),
	(116,5,'Mr. Carmelo Lehner','Occaecati voluptates enim officia nihil officiis itaque. Sit ea ab amet. Ut sed possimus ab necessitatibus nulla laborum. Assumenda pariatur deserunt qui vitae dicta dolor. Et sapiente placeat qui nemo non explicabo.',5,'2020-08-28 08:30:21','2020-08-28 08:30:21'),
	(117,102,'Lisa Rath','Est error cupiditate ipsum. Nobis ea esse voluptas qui. Blanditiis voluptatem omnis ducimus doloremque quo quibusdam.',2,'2020-08-28 08:30:21','2020-08-28 08:30:21'),
	(118,30,'Barney Schmeler MD','Sed sit odit inventore quo magni aut. Eum ducimus est omnis tenetur. Est vel quod id blanditiis dicta nisi. Eum qui dolorum voluptatibus vero velit magni. Sit enim assumenda sint excepturi odit.',4,'2020-08-28 08:30:21','2020-08-28 08:30:21'),
	(119,62,'Lessie Schaefer','Eos ab voluptate optio at. Qui in nesciunt reiciendis dolores. Voluptatem quia repellat facere autem nesciunt quo. Quia sit excepturi aliquid et vitae molestiae commodi.',3,'2020-08-28 08:30:21','2020-08-28 08:30:21'),
	(120,128,'Deon Wisoky','Sit hic fugit libero inventore veniam consequatur. Quasi enim rerum quibusdam quasi est est culpa occaecati. Est voluptatem accusantium facilis minima. Ut dicta officiis nam omnis quae fugit qui eius.',0,'2020-08-28 08:30:21','2020-08-28 08:30:21'),
	(121,96,'Marian Hudson III','Ut ipsa voluptatem et mollitia sit ab voluptates. Aspernatur error in sapiente natus. Et cumque non facilis magni accusantium quaerat expedita maiores. Nulla ipsam aut qui voluptate.',1,'2020-08-28 08:30:21','2020-08-28 08:30:21'),
	(122,6,'Dr. Maximo Mante V','Nostrum illo aut est. Maiores quasi voluptatem omnis maxime sed. Sit aperiam expedita suscipit omnis exercitationem doloribus cumque. Optio animi accusamus modi reprehenderit.',4,'2020-08-28 08:30:21','2020-08-28 08:30:21'),
	(123,15,'Prof. Annetta Douglas IV','Expedita rerum qui ut consequatur. Quia maiores quaerat iure et explicabo. Et minus earum rerum quam. Vel quia deleniti similique accusantium aut neque delectus.',3,'2020-08-28 08:30:21','2020-08-28 08:30:21'),
	(124,99,'Katlyn Turcotte','Velit dolor accusantium sed sunt omnis modi. Laborum voluptas aspernatur qui fugiat earum. Nam aliquid dolores consequatur maxime illum autem.',5,'2020-08-28 08:30:21','2020-08-28 08:30:21'),
	(125,2,'Belle Greenfelder I','Non adipisci quia quia. Facere maiores iusto quo. Aut quaerat dolor ea distinctio. Sunt sit sed nemo amet.',1,'2020-08-28 08:30:21','2020-08-28 08:30:21'),
	(126,101,'Prof. Beth Altenwerth III','Labore est esse voluptas. Saepe corporis distinctio eum quas quod consequatur possimus impedit. Impedit tempore odio saepe molestiae animi. Nostrum libero ut reprehenderit.',1,'2020-08-28 08:30:21','2020-08-28 08:30:21'),
	(127,10,'Claire Nienow V','Blanditiis reprehenderit itaque soluta pariatur sed similique minus. Consequatur in praesentium voluptates perferendis. Quam est odio modi reiciendis velit officia similique.',5,'2020-08-28 08:30:21','2020-08-28 08:30:21'),
	(128,122,'Dr. Jeromy Runolfsson PhD','Officia rem nihil natus quis vel consequatur. Voluptatem quas omnis libero optio asperiores similique vero. Officiis quia alias ipsam voluptas quidem. Aliquam aut id magnam odit.',1,'2020-08-28 08:30:21','2020-08-28 08:30:21'),
	(129,24,'Cesar Terry','Vel ut molestiae labore qui est. Rem sunt neque quasi corrupti recusandae eos. Quibusdam omnis officiis sunt. Dolores officia voluptatem consequuntur ut fugit omnis expedita dolorem.',5,'2020-08-28 08:30:21','2020-08-28 08:30:21'),
	(130,142,'Kailey Ferry DVM','Enim consequatur quia numquam delectus harum. Pariatur sapiente ullam corporis sit fuga ex velit. Modi nemo officiis beatae laudantium.',0,'2020-08-28 08:30:21','2020-08-28 08:30:21'),
	(131,76,'Jaden Collier','Similique sunt commodi alias sit. Et quibusdam impedit cumque dolor. Recusandae saepe et totam et molestiae.',2,'2020-08-28 08:30:21','2020-08-28 08:30:21'),
	(132,86,'Roxane Konopelski','Assumenda molestias minima et sapiente. Libero aut nostrum itaque aperiam nobis dolor. Reprehenderit et nostrum autem numquam ut similique.',3,'2020-08-28 08:30:21','2020-08-28 08:30:21'),
	(133,62,'Jerel Moore','Animi nisi quidem voluptas vel nesciunt. Officia qui consectetur doloremque optio corporis aut voluptate. Quaerat tempore distinctio dolorem illo inventore sapiente eaque.',2,'2020-08-28 08:30:21','2020-08-28 08:30:21'),
	(134,62,'Tess Hessel','Illum expedita sed nisi fugiat officia voluptatem et. Assumenda qui consequatur at nam minima. Expedita vitae ipsa id molestiae. Quis voluptatem ut at officia.',2,'2020-08-28 08:30:21','2020-08-28 08:30:21'),
	(135,30,'Dr. Ryan Huel MD','Aut nobis sit non earum sint ea soluta. Aut non veritatis aut ratione. Nesciunt inventore natus error ea ex. Praesentium vero commodi ea harum qui dolores.',5,'2020-08-28 08:30:21','2020-08-28 08:30:21'),
	(136,108,'Dr. Laron Buckridge IV','Illo et eum omnis. Delectus exercitationem suscipit ut et deserunt. Quis deleniti voluptates reiciendis consequuntur.',4,'2020-08-28 08:30:21','2020-08-28 08:30:21'),
	(137,120,'Vada Macejkovic','Aut ullam est eveniet ut veniam eum. Est ullam mollitia culpa sed est mollitia tenetur aut. Tempore sed laborum iure cupiditate unde occaecati praesentium. Odit nam minus rerum aut molestias corrupti.',3,'2020-08-28 08:30:21','2020-08-28 08:30:21'),
	(138,87,'Dr. Kari Abernathy','Enim qui consequuntur neque et non voluptatibus. Itaque quae similique omnis explicabo et. Id laborum quam est beatae alias debitis optio fuga. Qui et labore vero unde voluptatum consequatur.',2,'2020-08-28 08:30:21','2020-08-28 08:30:21'),
	(139,41,'Casper Stark','Veritatis consequatur nisi exercitationem ratione praesentium ipsam. Eveniet et enim corporis modi. Tempora tenetur sunt eligendi. Excepturi voluptatem inventore iure laudantium non ducimus qui.',3,'2020-08-28 08:30:21','2020-08-28 08:30:21'),
	(140,50,'Dr. Tremayne Konopelski II','Nulla rerum non qui autem. Occaecati qui illum aut consequatur. Ut dolor aperiam aliquid officia omnis aut est. Eos eveniet qui dolorem qui recusandae quia fugiat.',1,'2020-08-28 08:30:21','2020-08-28 08:30:21'),
	(141,78,'Reginald Breitenberg DVM','Quia velit commodi similique sint molestias ipsum. Placeat aliquid quod natus consectetur quas ea. Ea natus et eum odio molestiae accusamus. Voluptas perspiciatis debitis quia est et occaecati et.',5,'2020-08-28 08:30:21','2020-08-28 08:30:21'),
	(142,104,'Meaghan Marks','Error error natus qui quo molestias. Omnis voluptatem et omnis in atque qui alias. Sit quia architecto doloribus aperiam voluptatum ut tempore.',5,'2020-08-28 08:30:21','2020-08-28 08:30:21'),
	(143,26,'Dr. Kurt Dickens Jr.','Exercitationem libero eum quae. Dolorum ducimus eum iure facilis a ut. Ipsum aperiam ipsum nihil ratione reiciendis.',0,'2020-08-28 08:30:21','2020-08-28 08:30:21'),
	(144,105,'Dr. Henry Kub','Deleniti hic earum quidem dolorem minima unde laudantium quisquam. Quis sed qui perferendis quis est a. Excepturi labore quam iusto. Et est alias est et provident sapiente aperiam minus.',5,'2020-08-28 08:30:21','2020-08-28 08:30:21'),
	(145,128,'Prof. Vincenzo Blick V','Rerum sequi ducimus voluptatem et. Natus possimus esse sunt odit inventore quasi exercitationem ea. Quod minima itaque non beatae et voluptas quibusdam.',4,'2020-08-28 08:30:21','2020-08-28 08:30:21'),
	(146,73,'Zora Predovic MD','Id provident et quia omnis veniam officia. Rerum autem minima quibusdam ut aut amet et. Fugit non cupiditate tempora et.',3,'2020-08-28 08:30:21','2020-08-28 08:30:21'),
	(147,88,'Mr. Clay Shields','Hic rerum aut error a quos rerum. Ab iure saepe et qui voluptatem. Itaque tenetur sit qui et mollitia neque expedita. Culpa ut itaque magni impedit sit.',1,'2020-08-28 08:30:21','2020-08-28 08:30:21'),
	(148,136,'Karen Blanda','Velit odio omnis culpa dolores magni impedit. Ut consectetur in et repudiandae. Corrupti corrupti nihil architecto provident maiores reprehenderit ut. Sint voluptatem animi voluptas quia.',3,'2020-08-28 08:30:21','2020-08-28 08:30:21'),
	(149,11,'Dominique Lynch','Nam consectetur aut corporis sed. Ab odio omnis aut sit similique molestiae et nostrum. Dicta tenetur debitis blanditiis ab consequatur enim expedita. Modi suscipit enim voluptatem enim optio officia neque omnis.',2,'2020-08-28 08:30:21','2020-08-28 08:30:21'),
	(150,81,'Raymundo Swaniawski','Quia laboriosam minima commodi doloribus nihil porro. Ea amet quas totam assumenda suscipit.',1,'2020-08-28 08:30:21','2020-08-28 08:30:21'),
	(151,127,'Jerrell Block I','Quas dolore expedita cumque ut aliquid. Ut beatae tempora voluptate quisquam aut suscipit. Ullam voluptatem quos et. Earum qui est qui aut quidem.',1,'2020-08-28 08:30:21','2020-08-28 08:30:21'),
	(152,18,'Johann Treutel','Omnis sequi qui ea dolorem. Officia repudiandae ad aperiam occaecati necessitatibus quidem. Et corporis omnis dolore possimus et.',1,'2020-08-28 08:30:21','2020-08-28 08:30:21'),
	(153,41,'Evangeline Purdy','Debitis molestias dolores optio consequatur. Modi vel aut praesentium consequatur fuga nesciunt. Officia quisquam nulla quia aut quo rem. Voluptatem perspiciatis voluptas inventore cupiditate ea natus.',1,'2020-08-28 08:30:21','2020-08-28 08:30:21'),
	(154,98,'Ms. Carolina Harvey','Nihil voluptatem velit consequatur et voluptas. Totam ex nemo qui reprehenderit natus id qui. Iure sunt molestias adipisci aut blanditiis qui saepe ut.',3,'2020-08-28 08:30:21','2020-08-28 08:30:21'),
	(155,142,'Mr. Victor Homenick I','Nostrum rem libero repellat et. Voluptas suscipit esse ut esse. Cumque et animi voluptas ipsum voluptatem quibusdam. In minus voluptatem est consequatur.',5,'2020-08-28 08:30:21','2020-08-28 08:30:21'),
	(156,11,'Kara Gleason','Magnam dolorem aut molestiae voluptatem quam. Sapiente deleniti sit saepe enim quasi. Voluptate excepturi molestiae fugit est.',1,'2020-08-28 08:30:21','2020-08-28 08:30:21'),
	(157,19,'Jana Sanford','Cum nisi sint consequatur odit dicta dolorem natus sed. Cumque corrupti nesciunt omnis. Eos aliquid nulla voluptas omnis eos.',1,'2020-08-28 08:30:21','2020-08-28 08:30:21'),
	(158,44,'Eino Bashirian','Est et enim ducimus laudantium voluptas labore laboriosam. Laborum error et qui velit. Nostrum voluptates quis dolores sit corporis voluptatem hic.',3,'2020-08-28 08:30:21','2020-08-28 08:30:21'),
	(159,131,'Eva Collier II','Dignissimos vel sit dolor illum exercitationem est vero. Totam inventore iste rerum cum et sit nulla et. Est aspernatur illo facilis eveniet. Quaerat suscipit voluptatum labore accusamus ea qui illo.',1,'2020-08-28 08:30:21','2020-08-28 08:30:21'),
	(160,32,'Dr. Pasquale Kunde IV','Quae aliquid laudantium quod pariatur eaque cum ipsum. A dolor et rerum accusantium. Possimus aut officiis laboriosam totam voluptate omnis. Similique itaque error impedit debitis.',4,'2020-08-28 08:30:21','2020-08-28 08:30:21'),
	(161,15,'Mr. Candelario Rath III','Quasi ut rem error quidem. Quia omnis qui ex magni. Consequatur ea ut earum odio deserunt rerum et.',3,'2020-08-28 08:30:21','2020-08-28 08:30:21'),
	(162,131,'Prof. Lon Bogisich','Laudantium quod asperiores quia est et. Asperiores animi et voluptatibus sint excepturi repellat. Architecto quo quas porro esse alias qui. Culpa quae vitae facilis voluptatibus quo.',4,'2020-08-28 08:30:21','2020-08-28 08:30:21'),
	(163,119,'Gabriel Lesch','Maiores facilis nulla omnis nihil et eveniet. Ut nihil velit qui possimus neque. Repudiandae voluptatem eos enim odit dolorum. Ut ea qui nam aut eius quo sint numquam.',5,'2020-08-28 08:30:21','2020-08-28 08:30:21'),
	(164,34,'Mr. Maurice Jakubowski','Consequatur alias vel ratione dolorem et doloribus. Maxime dolorem ipsum provident non iure. Et cum perferendis dolor doloribus amet tempore. Mollitia facere qui quas qui et.',1,'2020-08-28 08:30:21','2020-08-28 08:30:21'),
	(165,73,'Modesto Swaniawski','Eius ipsa sit repellat et quia quo ut amet. Excepturi nisi aut ut laboriosam et ut nisi. Eos rerum sed repudiandae voluptatem ea soluta et.',4,'2020-08-28 08:30:21','2020-08-28 08:30:21'),
	(166,139,'Dr. Estrella Schinner','Voluptatem nihil ad omnis nostrum. Veniam et illum porro quae quis qui eligendi. Quas maxime rerum sed a non suscipit nostrum.',1,'2020-08-28 08:30:21','2020-08-28 08:30:21'),
	(167,92,'Merl Block','Voluptate facilis et recusandae adipisci est ab est. Natus cum doloribus est eveniet ducimus. Voluptas non commodi voluptate sit. Vitae voluptatem et dolore delectus dolor officiis debitis.',5,'2020-08-28 08:30:21','2020-08-28 08:30:21'),
	(168,54,'Deshawn Abbott','Excepturi omnis quae mollitia sit eveniet dolorem a. Nihil delectus animi et non. Qui et nobis at corrupti assumenda.',2,'2020-08-28 08:30:21','2020-08-28 08:30:21'),
	(169,98,'Jared Beatty','Eligendi eos eos quo nulla voluptates. Quae dolor et provident et nostrum ut eaque. Voluptas tenetur natus quasi ea vel rerum.',3,'2020-08-28 08:30:21','2020-08-28 08:30:21'),
	(170,48,'Sharon Schinner','Non aliquid quo molestiae at aut. Asperiores sed minima earum aperiam sit reiciendis molestias accusantium.',0,'2020-08-28 08:30:21','2020-08-28 08:30:21'),
	(171,67,'Prof. Coleman Mertz','Et sit distinctio deleniti quibusdam. Aut veritatis tempore adipisci est. A et soluta et fugiat modi consequatur ut. Magnam ut quibusdam veniam qui architecto voluptatem tempore.',0,'2020-08-28 08:30:21','2020-08-28 08:30:21'),
	(172,113,'Brenden Borer','Voluptates non sunt aut aliquid ad. Officia voluptas sint nihil. Consectetur ut perspiciatis quisquam reiciendis tempora quod repellendus. Suscipit magni sit quis dolores.',5,'2020-08-28 08:30:21','2020-08-28 08:30:21'),
	(173,40,'Bessie Stanton Sr.','Non voluptate nulla occaecati magni qui qui nisi. Quisquam voluptatem optio ducimus ab deleniti cum et. Officiis quaerat excepturi nulla ab expedita harum voluptatem. Nemo eum eum aut in beatae quia. Vel sit voluptatem dolore et voluptatem repellat sequi.',1,'2020-08-28 08:30:21','2020-08-28 08:30:21'),
	(174,28,'Selmer Rosenbaum','Impedit aut repudiandae minima nesciunt sint ut sequi sed. Corporis illo vero explicabo vel in quo ut.',1,'2020-08-28 08:30:21','2020-08-28 08:30:21'),
	(175,35,'Gladyce Luettgen','In nesciunt asperiores quasi et recusandae et et aperiam. Aspernatur suscipit nam quia optio perspiciatis. Qui rerum illum fugit alias impedit.',3,'2020-08-28 08:30:21','2020-08-28 08:30:21'),
	(176,83,'Ms. Maryse McLaughlin V','Error quibusdam inventore inventore autem est provident quibusdam. Cumque exercitationem et sint explicabo voluptates qui maxime. Et sed magnam repellendus ut aut repudiandae aut.',1,'2020-08-28 08:30:21','2020-08-28 08:30:21'),
	(177,81,'Lavina Konopelski','In totam qui nihil aperiam et consequatur. Sint nesciunt magni ut voluptate ut. Similique cupiditate architecto soluta quis aliquid. Beatae beatae vitae pariatur pariatur beatae itaque.',3,'2020-08-28 08:30:21','2020-08-28 08:30:21'),
	(178,36,'Kendall Swaniawski','Provident nulla veniam repudiandae tempore corporis ratione. Enim asperiores asperiores sunt ducimus vel atque optio. Reprehenderit iste quas perspiciatis quis quas. Aut quia consectetur voluptate tempore.',0,'2020-08-28 08:30:21','2020-08-28 08:30:21'),
	(179,40,'Larry Herzog Sr.','Blanditiis incidunt corporis quia praesentium distinctio. A illo aut et. Nulla harum eum ea ut itaque aliquam.',0,'2020-08-28 08:30:21','2020-08-28 08:30:21'),
	(180,3,'Prof. Beryl Denesik','Illo nostrum quidem rem unde maxime in molestiae consequatur. Non maiores praesentium praesentium temporibus fuga aperiam. Temporibus qui expedita iusto perferendis.',0,'2020-08-28 08:30:21','2020-08-28 08:30:21'),
	(181,1,'Vickie Lowe','Et voluptatem qui est sed. Magni ad vel iste non quo iste. Adipisci fuga doloribus quam doloremque eveniet sed.',1,'2020-08-28 08:30:21','2020-08-28 08:30:21'),
	(182,132,'Prof. Isom Ankunding DDS','Tenetur et distinctio dicta velit officiis itaque qui corporis. Eos odit molestias enim eos. Eos quasi nisi deserunt ut ut soluta.',4,'2020-08-28 08:30:21','2020-08-28 08:30:21'),
	(183,44,'Patricia Borer','Voluptatum ipsa dolore quo non laudantium in. Officia deleniti numquam aliquid adipisci ea non. Beatae explicabo delectus vitae rerum quasi debitis quasi repellendus. Perferendis ullam qui quisquam iure corporis.',2,'2020-08-28 08:30:21','2020-08-28 08:30:21'),
	(184,105,'Prof. Julien Auer III','Illo sunt a a fugit aliquam qui. Molestias reiciendis iure occaecati ea pariatur repellat omnis. Reprehenderit quod quia praesentium enim corrupti dolores. Non sint minus quisquam.',5,'2020-08-28 08:30:21','2020-08-28 08:30:21'),
	(185,115,'Danny Greenfelder','Velit omnis pariatur ea dolores aliquid. Alias ipsum facere voluptatibus eligendi ut et aspernatur quia. Dignissimos blanditiis nam veritatis fuga ea dignissimos. Dolor voluptates molestiae ut rem et.',2,'2020-08-28 08:30:21','2020-08-28 08:30:21'),
	(186,40,'Olen Schinner','Perferendis vitae nostrum aspernatur ut dolorum quis fugiat. Eum eos sit optio quis. Eius occaecati suscipit tempore est excepturi tempore. Qui ea alias similique omnis qui.',2,'2020-08-28 08:30:21','2020-08-28 08:30:21'),
	(187,60,'Prof. Coleman Nolan','Ipsum rerum id officiis exercitationem natus in corrupti. Quia ut natus ut voluptas illo. Ut qui veritatis ut quidem et.',0,'2020-08-28 08:30:21','2020-08-28 08:30:21'),
	(188,18,'Gillian Williamson','Tempora et explicabo vel sapiente in rem. Est pariatur maxime sed magni qui et est repudiandae.',0,'2020-08-28 08:30:21','2020-08-28 08:30:21'),
	(189,48,'Sophia Nader','Voluptatem dignissimos eius et. Omnis animi fugiat totam alias aut possimus. Delectus quaerat voluptas omnis. Enim sint qui asperiores molestiae dolore et.',5,'2020-08-28 08:30:21','2020-08-28 08:30:21'),
	(190,60,'Bret Barton II','Harum id veniam illum perferendis enim. Alias eum quaerat nihil quia accusantium non. At mollitia nobis non explicabo voluptatem.',4,'2020-08-28 08:30:21','2020-08-28 08:30:21'),
	(191,72,'Jeromy Wiza MD','Aut placeat enim explicabo dolor labore sunt. Doloribus molestiae aut odit asperiores. Itaque ducimus libero et aperiam voluptatem voluptate iste.',2,'2020-08-28 08:30:21','2020-08-28 08:30:21'),
	(192,14,'Dr. Weston Brekke Sr.','Molestias aut natus enim eum. Maiores iure et ad porro magni. Nihil sit at amet totam. Facilis similique eum quis assumenda aliquid assumenda voluptatem.',0,'2020-08-28 08:30:21','2020-08-28 08:30:21'),
	(193,124,'Sasha Johns','Earum velit assumenda quas esse aut qui qui. Est ut quia soluta quisquam possimus mollitia praesentium necessitatibus. Qui harum ab id dolorum. Qui molestias aspernatur cum.',2,'2020-08-28 08:30:21','2020-08-28 08:30:21'),
	(194,18,'Michale Mitchell','Soluta vero quas maiores ex dolor officia. Veritatis facere cupiditate ratione sed repellendus. Temporibus ut cumque amet ipsum impedit consequuntur itaque. Dolores suscipit quibusdam praesentium qui non voluptatem.',4,'2020-08-28 08:30:21','2020-08-28 08:30:21'),
	(195,127,'Elody Rutherford','Laudantium architecto maxime exercitationem eum sequi culpa enim. Nemo exercitationem reiciendis nostrum accusantium omnis quia. Nobis qui dolor ut dolor quam omnis. Nihil ex molestias et id similique pariatur necessitatibus. Voluptatem vitae et voluptatem quos sunt iste vel.',0,'2020-08-28 08:30:21','2020-08-28 08:30:21'),
	(196,95,'Claire Bednar','Facere ea esse ea temporibus. Aspernatur ad qui omnis nulla.',4,'2020-08-28 08:30:21','2020-08-28 08:30:21'),
	(197,130,'Melyna Fay MD','Incidunt et error ducimus soluta debitis est. Aliquam commodi autem sed atque et quae molestiae. Ut cupiditate libero aut id voluptas. Sit asperiores explicabo et ex veritatis tempore quisquam sint.',0,'2020-08-28 08:30:21','2020-08-28 08:30:21'),
	(198,138,'Angelina Brakus','Vitae cupiditate esse hic a ipsum ut dignissimos illum. Tempore blanditiis doloremque impedit.',2,'2020-08-28 08:30:21','2020-08-28 08:30:21'),
	(199,47,'Prof. Keshaun Schmeler Jr.','Commodi dicta reprehenderit dolores consequatur rerum unde. Et deserunt sint dolorem et. Adipisci et dolorem modi in. Eum fuga maxime quam blanditiis mollitia.',4,'2020-08-28 08:30:21','2020-08-28 08:30:21'),
	(200,136,'Prof. Santino Carter','Dolor magni rerum velit nulla minus temporibus. In tenetur accusamus vitae voluptatem. Dolorem sint a expedita necessitatibus voluptatem. Alias qui reiciendis eos eligendi quaerat cumque vel vel.',2,'2020-08-28 08:30:21','2020-08-28 08:30:21'),
	(201,55,'Aliza Hauck','Aut expedita sunt sapiente et explicabo. Itaque asperiores voluptas sed est. Possimus quisquam hic quasi sit suscipit culpa. Explicabo corrupti dolorem rerum eveniet qui iure aut.',1,'2020-08-28 08:30:21','2020-08-28 08:30:21'),
	(202,111,'Brad Leuschke','Nihil ea est vero sequi magni quia. Dolores enim quia quas ut explicabo. Dolores aperiam reprehenderit magni adipisci culpa eaque. Et et nam amet officiis.',1,'2020-08-28 08:30:21','2020-08-28 08:30:21'),
	(203,55,'Prof. Terrell McGlynn DVM','Sint non temporibus aut facere eum consectetur. Quis asperiores quidem rerum blanditiis quidem beatae. Ipsum dolores qui neque qui voluptatem in qui sed. Aliquam distinctio quam fugiat soluta sint et dignissimos.',3,'2020-08-28 08:30:21','2020-08-28 08:30:21'),
	(204,73,'Josiah Balistreri II','Est voluptatem maiores labore. Ut ab in est molestiae voluptate exercitationem. Et necessitatibus cupiditate unde sed est nam.',1,'2020-08-28 08:30:21','2020-08-28 08:30:21'),
	(205,105,'Prof. Amy Cole','Saepe iusto facere a aliquid qui odio id. Mollitia consequatur facilis quia accusantium. Temporibus praesentium quasi corrupti in consequatur corrupti ut.',4,'2020-08-28 08:30:21','2020-08-28 08:30:21'),
	(206,85,'Linnea Grady','Inventore dolore optio eos et. Et id rerum debitis et. Distinctio in cumque maxime sit commodi est necessitatibus. Cumque non qui maiores asperiores quidem cum.',0,'2020-08-28 08:30:21','2020-08-28 08:30:21'),
	(207,104,'Dalton Kutch','Possimus qui et et ut accusamus. Et dolorem nulla sit nulla. In ad non quos vitae ullam.',0,'2020-08-28 08:30:21','2020-08-28 08:30:21'),
	(208,34,'Daron Waters I','Molestias quisquam aut aliquam. Maxime dignissimos quo et sit esse.',4,'2020-08-28 08:30:21','2020-08-28 08:30:21'),
	(209,8,'Constance Gorczany','Optio ratione sapiente facilis reiciendis et dicta enim. Rerum porro quisquam ullam sit dolores. Eos sapiente esse voluptas quibusdam est. Est dolore doloribus non in aut.',0,'2020-08-28 08:30:21','2020-08-28 08:30:21'),
	(210,116,'Prof. Amara Rath','Voluptatem incidunt consectetur dolorum placeat qui molestiae. Adipisci cumque eius eos totam et qui. Repudiandae aut nihil reiciendis nam voluptatibus voluptate. Et molestiae et molestiae accusantium dicta molestiae blanditiis veniam.',3,'2020-08-28 08:30:21','2020-08-28 08:30:21'),
	(211,85,'Mrs. Brandi Schowalter II','Debitis sit omnis non perspiciatis dolores ut. Saepe magni quia debitis excepturi nemo veritatis. Necessitatibus unde voluptatem corporis facilis vitae hic. Est architecto praesentium saepe dignissimos tenetur doloribus illo.',0,'2020-08-28 08:30:21','2020-08-28 08:30:21'),
	(212,92,'Elinor Abbott','Ducimus quae est saepe aspernatur. Ut ut quisquam explicabo in eum tempore tempora. Excepturi ipsum ut incidunt voluptatibus id autem.',0,'2020-08-28 08:30:21','2020-08-28 08:30:21'),
	(213,12,'Walton Beier','Sint atque tenetur repudiandae in facilis quo est. Voluptate esse temporibus quam ex. Distinctio perspiciatis ut repudiandae unde ut ut. Magnam quia autem necessitatibus corporis laborum.',4,'2020-08-28 08:30:21','2020-08-28 08:30:21'),
	(214,148,'Prof. Brendan Tillman','Alias iusto ut officia deserunt. Omnis corporis occaecati voluptate voluptatum alias aliquid impedit. Velit eos blanditiis quos. Ut adipisci corporis sint et.',1,'2020-08-28 08:30:21','2020-08-28 08:30:21'),
	(215,24,'Willard Skiles III','Ea consequatur iste quas explicabo. Quas laboriosam fuga sunt maxime dolore in reiciendis. Quis modi voluptatum quod soluta impedit aliquam.',4,'2020-08-28 08:30:21','2020-08-28 08:30:21'),
	(216,58,'Annie Predovic','Deserunt enim deserunt porro tempora exercitationem molestias. Laboriosam voluptatem aut porro voluptate qui perspiciatis exercitationem nihil. Facere nihil odio exercitationem qui. Nihil aut pariatur cupiditate illum itaque distinctio.',3,'2020-08-28 08:30:21','2020-08-28 08:30:21'),
	(217,27,'Dr. Nakia Kuhlman','Ipsa dolorem dicta est et. Beatae id hic sed enim recusandae. Aut autem ut et tempora et dolores non. Ducimus sed et laboriosam amet sit quo cum sed. Ut animi rem iste.',5,'2020-08-28 08:30:21','2020-08-28 08:30:21'),
	(218,148,'Zackery Von','Eveniet magnam accusamus quis quia. Ea ad vero veniam ut sit iure provident. Modi amet velit sint dolor modi fugit et.',5,'2020-08-28 08:30:21','2020-08-28 08:30:21'),
	(219,43,'Dr. Garett Heidenreich','Delectus non quibusdam rerum temporibus quia nostrum. Dolore aut repudiandae libero vero officia. Et et debitis ducimus qui sed possimus temporibus iusto.',1,'2020-08-28 08:30:21','2020-08-28 08:30:21'),
	(220,118,'Luz Reinger','Voluptatibus non unde aut ea. Cupiditate quia est odit ut nesciunt. Sint quia corporis et esse.',4,'2020-08-28 08:30:21','2020-08-28 08:30:21'),
	(221,145,'Dr. Arthur Hill Sr.','Ea ullam amet cupiditate modi aut saepe. Ut excepturi ut aut sunt aspernatur. Blanditiis et perspiciatis vel aliquid consequatur sed.',2,'2020-08-28 08:30:21','2020-08-28 08:30:21'),
	(222,86,'Shad Rath Sr.','Officia id ratione eum. Voluptas culpa sequi quod reiciendis saepe possimus sed. Sit perferendis sint ut distinctio. Iste voluptas ipsa occaecati iste placeat hic omnis.',1,'2020-08-28 08:30:21','2020-08-28 08:30:21'),
	(223,24,'Mr. Jabari Nolan MD','Ut debitis non sit est quis quia perspiciatis repudiandae. Id dolor sit qui soluta excepturi ut minus. Doloremque et ipsum sint qui possimus vero voluptas.',5,'2020-08-28 08:30:21','2020-08-28 08:30:21'),
	(224,64,'Miss Kathlyn Howell','Sit maxime inventore quisquam nesciunt similique qui ducimus. Accusantium accusamus aliquid eum ullam sed.',1,'2020-08-28 08:30:21','2020-08-28 08:30:21'),
	(225,37,'Ryan Durgan','Ipsum rerum sit in. Ea et facilis eius. Possimus eligendi est eos non.',5,'2020-08-28 08:30:21','2020-08-28 08:30:21'),
	(226,36,'Winston Swift','Enim quia facere ipsum rerum. Omnis quia quas exercitationem molestias minus cum dignissimos. Qui natus ut ut maiores ab. Magni minus eum expedita nemo alias.',4,'2020-08-28 08:30:21','2020-08-28 08:30:21'),
	(227,96,'Prof. Dejuan Boyer V','Sint et consectetur voluptas voluptates sed alias et. Eligendi quis dolorem numquam. Nobis consequuntur perspiciatis nihil est molestiae.',2,'2020-08-28 08:30:21','2020-08-28 08:30:21'),
	(228,103,'Else Gleason','Provident voluptatum quo rerum molestiae. Necessitatibus aliquid hic et saepe. Et natus enim ut officiis ab qui.',5,'2020-08-28 08:30:21','2020-08-28 08:30:21'),
	(229,16,'Orville Bernier','Quis aperiam aliquam ipsa dolorem. Velit esse corporis aut tempora enim cupiditate et. Et odit ut ratione.',5,'2020-08-28 08:30:21','2020-08-28 08:30:21'),
	(230,106,'Katelynn Kuvalis Sr.','Molestiae enim dignissimos id veritatis. Facilis vel saepe autem odio. Neque ea fugit fugit vitae. Aut expedita dolore delectus fuga labore tenetur sit. Neque expedita at odio rerum nemo porro.',1,'2020-08-28 08:30:21','2020-08-28 08:30:21'),
	(231,10,'Mellie Auer','Est quas sed magnam quidem ad rerum aut. Aut quas est in quod. Impedit dolorem mollitia et et. Sed dolore rerum exercitationem molestiae animi eaque recusandae.',3,'2020-08-28 08:30:21','2020-08-28 08:30:21'),
	(232,27,'Jeramie Legros','Voluptatum quasi tempore earum. Soluta temporibus corporis atque saepe iure vel.',1,'2020-08-28 08:30:21','2020-08-28 08:30:21'),
	(233,101,'Mr. Gaylord Mante IV','Est sit atque cupiditate delectus. Aut qui rerum maiores perspiciatis voluptas maiores aut omnis. Voluptas voluptates debitis ducimus sapiente dolores commodi ut.',0,'2020-08-28 08:30:21','2020-08-28 08:30:21'),
	(234,5,'Dr. Buck Pfeffer','Mollitia consequatur facere iure velit maiores facere nam. Rem rerum exercitationem nesciunt corporis labore aspernatur. Quibusdam qui deleniti et omnis voluptatem aut voluptas error. Earum sed distinctio magnam aliquam.',4,'2020-08-28 08:30:21','2020-08-28 08:30:21'),
	(235,108,'Morgan Turner','Quasi nesciunt iure quos laudantium repellat recusandae. Adipisci autem quisquam minima nobis ut. Tempora soluta necessitatibus dolore est consequuntur. In eum qui similique quia quia sed tempora.',2,'2020-08-28 08:30:21','2020-08-28 08:30:21'),
	(236,119,'Norberto Brakus','Nihil nam doloremque et perspiciatis. Amet et non et adipisci laborum eos. Qui ut ipsum rerum fugiat optio quia.',0,'2020-08-28 08:30:21','2020-08-28 08:30:21'),
	(237,119,'Prof. Audra Steuber DVM','Repellendus qui occaecati earum eaque similique aut. Aliquid quia repellendus et autem reiciendis. Et amet placeat enim assumenda.',1,'2020-08-28 08:30:21','2020-08-28 08:30:21'),
	(238,83,'Dr. Bryana Ledner','Veritatis sapiente fugiat rem sed temporibus eos ex in. Itaque aliquam tempora consequatur illo ratione. Repellendus ratione rerum rerum qui natus. Nisi dolore deleniti qui autem voluptate voluptas.',0,'2020-08-28 08:30:21','2020-08-28 08:30:21'),
	(239,15,'Ms. Kaylin Barton','Accusamus consequuntur incidunt minus quis molestias. Doloribus perspiciatis dolorem nisi reiciendis. Explicabo exercitationem aut possimus minus corrupti enim.',1,'2020-08-28 08:30:21','2020-08-28 08:30:21'),
	(240,14,'Colleen Gorczany','Voluptate modi et est repellat eos earum rerum. Natus quia distinctio quidem sit et. Omnis eum vel et.',0,'2020-08-28 08:30:21','2020-08-28 08:30:21'),
	(241,5,'Waylon Walker','Non animi optio ut laborum dolorum. Nulla temporibus voluptatem est incidunt eum. Voluptas blanditiis quibusdam voluptatem sunt voluptas. Totam rerum dolorem aliquam ducimus earum facilis.',0,'2020-08-28 08:30:21','2020-08-28 08:30:21'),
	(242,57,'Mr. Leonel Rippin I','Voluptatem minus distinctio aspernatur veniam quia pariatur. Sed debitis quis ut nulla placeat rem recusandae ratione. Corporis veritatis eveniet laudantium aut magnam.',3,'2020-08-28 08:30:21','2020-08-28 08:30:21'),
	(243,100,'Waino Douglas','Et optio et velit dolores placeat ad. Illum nobis consequatur maiores ducimus. Ab ratione inventore aspernatur aut optio quis. Qui ut eligendi animi illo optio non praesentium. Et ipsam officia est aut sit.',0,'2020-08-28 08:30:21','2020-08-28 08:30:21'),
	(244,104,'Prof. Jarret Johns','Magnam ea eos ut voluptas dolor. Quas sequi sunt dolores.',5,'2020-08-28 08:30:21','2020-08-28 08:30:21'),
	(245,62,'Prof. Deondre Hartmann V','Sed dolore consequatur eligendi et est. Et culpa voluptatem maxime id libero animi error. Et aliquid rem esse praesentium quia molestiae.',1,'2020-08-28 08:30:21','2020-08-28 08:30:21'),
	(246,43,'Prof. Sid Kozey V','Temporibus veniam consequuntur est voluptatibus necessitatibus magni asperiores. Sed temporibus sed molestiae aut id aliquam voluptatem. Velit sunt labore et minima excepturi repellat reprehenderit ratione. Molestiae eaque nulla possimus et et consequatur facere ut.',3,'2020-08-28 08:30:21','2020-08-28 08:30:21'),
	(247,138,'Mrs. Maiya Hermann','Et autem ratione enim nemo aut velit. Nam repellendus voluptatem accusantium sapiente inventore. Enim sunt labore id reiciendis saepe.',4,'2020-08-28 08:30:21','2020-08-28 08:30:21'),
	(248,23,'Kory Pfeffer','Debitis perspiciatis assumenda ratione aut odio ea. Ut suscipit eos dolorem quis aperiam. Laborum quam et itaque qui.',0,'2020-08-28 08:30:21','2020-08-28 08:30:21'),
	(249,65,'Rick Ankunding','Et et voluptatibus et rem exercitationem dolor. Suscipit quae voluptatum incidunt iusto sequi. Quis enim illo sit provident. Nesciunt atque sit voluptate occaecati omnis.',0,'2020-08-28 08:30:21','2020-08-28 08:30:21'),
	(250,126,'Alexandra Fisher IV','Consequatur voluptatem consequuntur velit voluptas sunt vel. Beatae magni magni dolorem blanditiis necessitatibus nesciunt.',0,'2020-08-28 08:30:21','2020-08-28 08:30:21'),
	(251,31,'Delia Altenwerth','Aliquid illo necessitatibus sint est. Quo earum quia deserunt quis possimus saepe earum. Dicta velit similique doloribus dolor et esse. Qui temporibus veritatis nulla rerum.',4,'2020-08-28 08:30:21','2020-08-28 08:30:21'),
	(252,39,'Gust Conn','Praesentium quae quasi laboriosam praesentium impedit ut. Qui impedit minus ut voluptatum maxime aut sequi. Quas dolorem libero explicabo numquam. Ab nemo laudantium veniam magnam molestias.',3,'2020-08-28 08:30:21','2020-08-28 08:30:21'),
	(253,111,'Cordie Blick','Vel saepe aut similique tenetur amet placeat. Perspiciatis sapiente adipisci architecto eveniet esse earum. Expedita id ratione iure pariatur consequuntur.',5,'2020-08-28 08:30:21','2020-08-28 08:30:21'),
	(254,40,'Prof. Skylar Littel','Ipsum numquam qui nesciunt eligendi totam et eaque. Distinctio repellendus harum alias est. Quaerat iste architecto et cumque debitis rem fugiat.',2,'2020-08-28 08:30:21','2020-08-28 08:30:21'),
	(255,29,'Ms. Sarina Shields II','Quisquam tempora possimus aut aspernatur quam nobis aut. Autem reiciendis adipisci aliquam ut voluptate placeat. Voluptatem voluptatem consequatur autem eum voluptatem et. Et quisquam cumque vel itaque sit quo.',4,'2020-08-28 08:30:21','2020-08-28 08:30:21'),
	(256,68,'Mr. Giovani Hudson','Non aspernatur deserunt quos saepe et. Necessitatibus fuga quaerat unde id. Eius sit nam consequuntur dolorem id et quidem.',1,'2020-08-28 08:30:21','2020-08-28 08:30:21'),
	(257,85,'Miss Hortense Sauer','Eius rem non voluptas est et. Est fugiat sed voluptate fugit quod velit quasi. Tempora illo consequatur vero autem.',1,'2020-08-28 08:30:21','2020-08-28 08:30:21'),
	(258,5,'Dr. Marty Gislason PhD','Tempora quia voluptas sint facere quia non est. Laboriosam quam quae praesentium sit quia consequatur. Sed officiis repudiandae beatae ducimus excepturi.',0,'2020-08-28 08:30:21','2020-08-28 08:30:21'),
	(259,145,'Dr. Precious White Jr.','Maiores sint earum a distinctio. Quo assumenda at et non. Occaecati dolor quod id aut vero beatae. Voluptatem officia dolor recusandae adipisci eos perspiciatis.',5,'2020-08-28 08:30:21','2020-08-28 08:30:21'),
	(260,34,'Macie Walsh','Ex accusantium ipsam esse quae non. Sequi nulla animi et ipsum. Quis repellat beatae quae sit. Est ea sint repellendus sed qui qui ullam nemo.',2,'2020-08-28 08:30:21','2020-08-28 08:30:21'),
	(261,81,'Benedict Grant','Est repellendus adipisci voluptatem at itaque pariatur placeat. Quo fugiat ducimus suscipit reprehenderit impedit cupiditate iure. Et esse perferendis in eum provident. Veniam laborum quaerat temporibus tempore.',3,'2020-08-28 08:30:21','2020-08-28 08:30:21'),
	(262,48,'Haylee Trantow II','Aut saepe laborum qui explicabo. Et cum enim quo fugit beatae suscipit. Hic et repellat aliquam non. Dolore ducimus nemo aut vel est non est.',3,'2020-08-28 08:30:21','2020-08-28 08:30:21'),
	(263,81,'Pamela Ward','Ex iusto pariatur voluptatem explicabo quasi rerum possimus nemo. Ipsa cupiditate est et. Alias et sed non sequi. Dolorem qui modi nobis qui nostrum.',1,'2020-08-28 08:30:21','2020-08-28 08:30:21'),
	(264,92,'Martine Waters','Perferendis facilis aliquam numquam. Odit labore qui non voluptatem sit deleniti. Sunt eius est tempora aut aut voluptate.',2,'2020-08-28 08:30:21','2020-08-28 08:30:21'),
	(265,33,'Ismael Gibson','Eos aut nostrum quaerat labore. Suscipit consectetur amet omnis fugit. Ut laboriosam facere dolorem perspiciatis repellat voluptas eum. Consequatur voluptas assumenda temporibus et et sint ullam nihil.',1,'2020-08-28 08:30:21','2020-08-28 08:30:21'),
	(266,82,'Ms. Micaela Bailey','Vero accusamus commodi alias enim aut quae quaerat voluptatem. Amet aperiam atque voluptatibus. Eos et dolore dolores expedita. Inventore illum ut quia optio dolores est nam.',5,'2020-08-28 08:30:21','2020-08-28 08:30:21'),
	(267,2,'Anna Miller','Iure est et deserunt. Non quo dolore dolores non velit.',1,'2020-08-28 08:30:21','2020-08-28 08:30:21'),
	(268,78,'Mr. Kenton Kreiger','Laudantium maiores voluptate doloribus. Necessitatibus ipsam sequi itaque maiores ut voluptatum. Itaque possimus aliquam laborum quo voluptatibus. Illo sed fuga ducimus nesciunt suscipit ut.',0,'2020-08-28 08:30:21','2020-08-28 08:30:21'),
	(269,148,'Fermin Prohaska','Voluptatem exercitationem voluptates provident totam iure quis. Suscipit vitae aut aperiam molestiae adipisci sed enim. Dolorum deleniti fuga repellat omnis fuga placeat voluptate. Nihil adipisci quis natus temporibus deleniti provident.',3,'2020-08-28 08:30:21','2020-08-28 08:30:21'),
	(270,51,'Oleta Paucek','Labore nihil asperiores est. Ea rerum eligendi veniam eius. Aut quos ea repellendus distinctio ut qui aut.',2,'2020-08-28 08:30:21','2020-08-28 08:30:21'),
	(271,122,'Mrs. Nikki Weber IV','Fuga similique eos voluptas quae. Eum qui totam iusto minima molestias.',2,'2020-08-28 08:30:21','2020-08-28 08:30:21'),
	(272,67,'Sydni Beer','Corporis voluptas fuga deserunt quas quo qui. Quo doloremque et ut et praesentium quia nihil. Nihil et similique repellendus ducimus architecto.',4,'2020-08-28 08:30:21','2020-08-28 08:30:21'),
	(273,60,'Jarret Brakus','Totam veniam magni at sequi et a est. Et dolores necessitatibus eos ut quasi natus accusantium. Aspernatur inventore voluptatem maiores velit. Illo voluptatem architecto eos soluta quasi ipsa.',3,'2020-08-28 08:30:21','2020-08-28 08:30:21'),
	(274,146,'Theodora Schmitt PhD','Pariatur perferendis numquam et expedita facilis. Necessitatibus dolorum quo placeat consectetur saepe nulla. Vel sint ut voluptatem unde.',3,'2020-08-28 08:30:21','2020-08-28 08:30:21'),
	(275,55,'Emma Hudson','Quod officia eum cumque. Magni ullam qui ducimus eum quisquam fugit facilis. Quas tempora est sit officia voluptatem inventore. Ad blanditiis alias ullam voluptatibus eum optio.',4,'2020-08-28 08:30:21','2020-08-28 08:30:21'),
	(276,133,'Keshawn Beier MD','Tempora possimus rerum quae voluptatem dolorum in. Dicta nesciunt ipsa tempora porro aliquid qui laudantium voluptas. Sapiente sint sit ut laboriosam ducimus esse.',1,'2020-08-28 08:30:21','2020-08-28 08:30:21'),
	(277,139,'Malinda Pfeffer','Omnis minus commodi ea totam nemo est dolorem veniam. Incidunt magnam incidunt consequuntur necessitatibus non et aut. Eum dolore architecto eos porro autem quae.',4,'2020-08-28 08:30:21','2020-08-28 08:30:21'),
	(278,90,'Prof. Jamal Okuneva','Quia sapiente tempora sapiente occaecati quisquam. Aut natus provident voluptatem. Sint dolores ad numquam a libero voluptatem doloribus. Qui voluptatum minima ratione quisquam blanditiis harum asperiores.',3,'2020-08-28 08:30:21','2020-08-28 08:30:21'),
	(279,58,'Marianne Feeney I','Est porro omnis hic quia sit animi dolor. Sequi atque deserunt nostrum voluptates inventore. Quo est quis dolorem dolorum.',2,'2020-08-28 08:30:21','2020-08-28 08:30:21'),
	(280,11,'Dr. Kane Cormier','Laborum reprehenderit modi ut aut magni nobis. Nihil impedit non explicabo non repudiandae laborum. Non et culpa expedita.',0,'2020-08-28 08:30:21','2020-08-28 08:30:21'),
	(281,134,'Zelma Bruen','Explicabo corporis illum deleniti dolorem provident. Cupiditate autem officiis perferendis fugiat rerum. Quaerat voluptas molestiae sunt ea. Quis magnam sunt veritatis voluptas aut itaque corrupti.',5,'2020-08-28 08:30:21','2020-08-28 08:30:21'),
	(282,144,'Miss Marge Douglas','Minus ut voluptas omnis nisi porro quia libero qui. Dolores quam sunt eius molestiae omnis sed nisi. Nulla eius rerum et praesentium necessitatibus dolores enim. Necessitatibus aut veritatis perferendis dolores perspiciatis. Dolor dolor autem dolorem sit cum.',5,'2020-08-28 08:30:21','2020-08-28 08:30:21'),
	(283,146,'Edwardo Klein Jr.','Et molestiae animi error sed suscipit et. Labore in et temporibus praesentium ab. Facere dolores voluptatem quo sit est beatae.',3,'2020-08-28 08:30:21','2020-08-28 08:30:21'),
	(284,30,'Ansel Senger','Ducimus officia dolorem magni. Beatae enim saepe quasi qui. Commodi eos et dolore quibusdam. Neque aut voluptatum voluptatum culpa pariatur voluptatibus.',5,'2020-08-28 08:30:21','2020-08-28 08:30:21'),
	(285,3,'Mr. Kameron Corwin','Repellendus ut minus commodi error ut mollitia dolorem. Modi sequi ut consequatur blanditiis non vel. Voluptas quam omnis et non earum.',5,'2020-08-28 08:30:21','2020-08-28 08:30:21'),
	(286,60,'Mr. Alfred Waelchi','Eveniet error autem aut natus autem est. Consequatur ullam beatae sit ut magni et at. Et numquam et sapiente consequatur amet. Aut ullam id est repudiandae et.',3,'2020-08-28 08:30:21','2020-08-28 08:30:21'),
	(287,52,'Danny Barton','Maiores et molestiae sequi rerum. Praesentium et ducimus deserunt doloribus. Saepe iure dolor blanditiis et quibusdam. Nesciunt delectus vero saepe modi molestias fugit.',0,'2020-08-28 08:30:21','2020-08-28 08:30:21'),
	(288,103,'Oswaldo Kulas','Accusantium aliquid minus sit cumque. Cupiditate et aut fuga est. Cum recusandae velit quod adipisci. Architecto vero vitae alias.',1,'2020-08-28 08:30:21','2020-08-28 08:30:21'),
	(289,2,'Prof. Brent Block','Nemo iusto recusandae veniam suscipit eos. Quisquam pariatur ut qui rem in eaque neque perspiciatis. Accusamus quia deserunt quidem. Veritatis sint eum velit facere officiis aut a.',1,'2020-08-28 08:30:21','2020-08-28 08:30:21'),
	(290,150,'Janessa Hettinger','Quia sit exercitationem ipsam omnis adipisci. Sunt quisquam omnis rerum est. Nam sed enim sunt veritatis temporibus quis.',0,'2020-08-28 08:30:21','2020-08-28 08:30:21'),
	(291,142,'Lia Medhurst','Distinctio eos cupiditate temporibus aliquam et excepturi eaque. Et quam odio accusamus. Ut iusto autem inventore nihil nisi vitae velit. Explicabo mollitia at est ut fugit amet.',1,'2020-08-28 08:30:21','2020-08-28 08:30:21'),
	(292,92,'Ms. Leilani Marvin','Error voluptas rerum harum tempore tenetur. Qui minima quia et debitis. Et repellendus perspiciatis vitae aperiam ut beatae. Corporis provident architecto ex cum cupiditate vel tenetur.',5,'2020-08-28 08:30:21','2020-08-28 08:30:21'),
	(293,100,'Dr. Mina Padberg IV','Autem beatae repellat vel maiores delectus ut. Eos qui quae sed eligendi porro dolor. Asperiores quisquam enim blanditiis.',4,'2020-08-28 08:30:21','2020-08-28 08:30:21'),
	(294,22,'Mr. Adan Kerluke','Laudantium velit atque dolorum accusantium explicabo ipsum sunt. A ut voluptates rerum. Non sit debitis itaque ipsum et. Porro est mollitia quia voluptas perspiciatis illo.',0,'2020-08-28 08:30:21','2020-08-28 08:30:21'),
	(295,94,'Dina Schaden','Aut est eum praesentium earum id voluptatem. Ea itaque veniam aspernatur accusantium. Dolorum incidunt animi cum cum eius in voluptas. Nostrum itaque temporibus rerum doloremque voluptatem reiciendis molestiae. In omnis qui et est est et aut.',3,'2020-08-28 08:30:21','2020-08-28 08:30:21'),
	(296,84,'Carmelo McDermott','Dignissimos et doloremque sunt. Expedita doloribus optio maiores aut. Porro adipisci dolorum harum nam vitae. Odit numquam sunt illo.',3,'2020-08-28 08:30:21','2020-08-28 08:30:21'),
	(297,87,'Prof. Timmothy Yundt','Sapiente dicta vel sed fugit laudantium. Quae dolores neque culpa sit rem. Delectus incidunt dolores blanditiis qui incidunt asperiores totam. Quia necessitatibus saepe quo dignissimos aut et sint.',0,'2020-08-28 08:30:21','2020-08-28 08:30:21'),
	(298,81,'Mr. Lamar Borer PhD','Ipsam recusandae tempora quia nostrum ut nihil est. Harum sint sed velit consequatur. Illo id voluptas recusandae laboriosam.',0,'2020-08-28 08:30:21','2020-08-28 08:30:21'),
	(299,32,'Mr. Amir Ward DDS','Enim sit dolor est consequatur quidem. Ut et reprehenderit expedita consectetur quidem. Exercitationem suscipit dolorum veniam similique neque. Sunt velit natus quia et modi assumenda omnis placeat.',2,'2020-08-28 08:30:21','2020-08-28 08:30:21'),
	(300,128,'Mr. Kelvin Toy Sr.','Optio laboriosam nesciunt et adipisci excepturi consequuntur. Officiis qui perferendis officiis nobis veritatis alias. Exercitationem quae inventore et quam impedit. Quos quo eos nulla cumque nihil rerum.',5,'2020-08-28 08:30:21','2020-08-28 08:30:21');

/*!40000 ALTER TABLE `reviews` ENABLE KEYS */;
UNLOCK TABLES;


# Dump of table users
# ------------------------------------------------------------

DROP TABLE IF EXISTS `users`;

CREATE TABLE `users` (
  `id` bigint(20) unsigned NOT NULL AUTO_INCREMENT,
  `name` varchar(255) COLLATE utf8mb4_unicode_ci NOT NULL,
  `email` varchar(255) COLLATE utf8mb4_unicode_ci NOT NULL,
  `email_verified_at` timestamp NULL DEFAULT NULL,
  `password` varchar(255) COLLATE utf8mb4_unicode_ci NOT NULL,
  `remember_token` varchar(100) COLLATE utf8mb4_unicode_ci DEFAULT NULL,
  `created_at` timestamp NULL DEFAULT NULL,
  `updated_at` timestamp NULL DEFAULT NULL,
  PRIMARY KEY (`id`),
  UNIQUE KEY `users_email_unique` (`email`)
) ENGINE=InnoDB DEFAULT CHARSET=utf8mb4 COLLATE=utf8mb4_unicode_ci;




/*!40111 SET SQL_NOTES=@OLD_SQL_NOTES */;
/*!40101 SET SQL_MODE=@OLD_SQL_MODE */;
/*!40014 SET FOREIGN_KEY_CHECKS=@OLD_FOREIGN_KEY_CHECKS */;
/*!40101 SET CHARACTER_SET_CLIENT=@OLD_CHARACTER_SET_CLIENT */;
/*!40101 SET CHARACTER_SET_RESULTS=@OLD_CHARACTER_SET_RESULTS */;
/*!40101 SET COLLATION_CONNECTION=@OLD_COLLATION_CONNECTION */;
